11000090000100035,CADIZ,CALLE,ABREU,  35,11000,11
11000090000200006,CADIZ,CALLE,ACACIAS,   6,11007,12
11000090000200008,CADIZ,CALLE,ACACIAS,   8,11007,17
11000090000200010,CADIZ,CALLE,ACACIAS,  10,11007,68
11000090000200015,CADIZ,CALLE,ACACIAS,  15,11007,50
11000090000200016,CADIZ,CALLE,ACACIAS,  16,11007,55
11000090000200017,CADIZ,CALLE,ACACIAS,  17,11007,13
11000090000200019,CADIZ,CALLE,ACACIAS,  19,11007,2
11000090000200023,CADIZ,CALLE,ACACIAS,  23,11007,11
11000090000300001,CADIZ,CALLE,ADELFA,   1,11011,135
11000090000300003,CADIZ,CALLE,ADELFA,   3,11011,28
11000090000300004,CADIZ,CALLE,ADELFA,   4,11011,21
11000090000300005,CADIZ,CALLE,ADELFA,   5,11011,28
11000090000300006,CADIZ,CALLE,ADELFA,   6,11011,16
11000090000300007,CADIZ,CALLE,ADELFA,   7,11011,20
11000090000300008,CADIZ,CALLE,ADELFA,   8,11011,10
11000090000300009,CADIZ,CALLE,ADELFA,   9,11011,20
11000090000300011,CADIZ,CALLE,ADELFA,  11,11011,20
11000090000300013,CADIZ,CALLE,ADELFA,  13,11011,20
11000090000300037,CADIZ,CALLE,ADELFA,  37,11011,33
11000090000500001,CADIZ,CALLE,ADRIANO,   1,11009,3
11000090000500002,CADIZ,CALLE,ADRIANO,   2,11008,11
11000090000500003,CADIZ,CALLE,ADRIANO,   3,11009,2
11000090000700001,CADIZ,CALLE,ALCALÁ DE GUADAIRA,   1,11000,25
11000090000700003,CADIZ,CALLE,ALCALÁ DE GUADAIRA,   3,11000,23
11000090000900001,CADIZ,CALLE,ALCALDE BLÁZQUEZ,   1,11012,38
11000090000900002,CADIZ,CALLE,ALCALDE BLÁZQUEZ,   2,11012,9
11000090000900003,CADIZ,CALLE,ALCALDE BLÁZQUEZ,   3,11012,8
11000090000900004,CADIZ,CALLE,ALCALDE BLÁZQUEZ,   4,11012,17
11000090000900005,CADIZ,CALLE,ALCALDE BLÁZQUEZ,   5,11012,8
11000090000900006,CADIZ,CALLE,ALCALDE BLÁZQUEZ,   6,11012,17
11000090000900008,CADIZ,CALLE,ALCALDE BLÁZQUEZ,   8,11012,17
11000090000900009,CADIZ,CALLE,ALCALDE BLÁZQUEZ,   9,11012,22
11000090000900010,CADIZ,CALLE,ALCALDE BLÁZQUEZ,  10,11012,18
11000090000900013,CADIZ,CALLE,ALCALDE BLÁZQUEZ,  13,11012,22
11000090000900017,CADIZ,CALLE,ALCALDE BLÁZQUEZ,  17,11012,15
11000090001100057,CADIZ,AVENIDA,ALCALDE MANUEL DE LA PINTA,  57,11011,8
11000090001300001,CADIZ,CALLE,ALFONSO ARAMBURU,   1,11000,14
11000090001300002,CADIZ,CALLE,ALFONSO ARAMBURU,   2,11000,8
11000090001300003,CADIZ,CALLE,ALFONSO ARAMBURU,   3,11000,10
11000090001300004,CADIZ,CALLE,ALFONSO ARAMBURU,   4,11000,8
11000090001300005,CADIZ,CALLE,ALFONSO ARAMBURU,   5,11000,8
11000090001300006,CADIZ,CALLE,ALFONSO ARAMBURU,   6,11000,10
11000090001300007,CADIZ,CALLE,ALFONSO ARAMBURU,   7,11000,9
11000090001400001,CADIZ,CALLE,ALGECIRAS,   1,11011,24
11000090001500001,CADIZ,CALLE,ALMIRANTE VIERNA,   1,11009,8
11000090001500003,CADIZ,CALLE,ALMIRANTE VIERNA,   3,11009,2
11000090001500005,CADIZ,CALLE,ALMIRANTE VIERNA,   5,11009,1
11000090001500007,CADIZ,CALLE,ALMIRANTE VIERNA,   7,11009,2
11000090001500009,CADIZ,CALLE,ALMIRANTE VIERNA,   9,11009,1
11000090001700001,CADIZ,PLAZA,ALMUDAINA,   1,11006,22
11000090001700002,CADIZ,PLAZA,ALMUDAINA,   2,11006,24
11000090001700003,CADIZ,PLAZA,ALMUDAINA,   3,11006,22
11000090001700004,CADIZ,PLAZA,ALMUDAINA,   4,11006,28
11000090001700005,CADIZ,PLAZA,ALMUDAINA,   5,11006,22
11000090001800001,CADIZ,CALLE,ALMUÑÉCAR,   1,11000,8
11000090001900001,CADIZ,CALLE,ALONSO CANO,   1,11010,20
11000090001900004,CADIZ,CALLE,ALONSO CANO,   4,11010,16
11000090001900005,CADIZ,CALLE,ALONSO CANO,   5,11010,30
11000090001900007,CADIZ,CALLE,ALONSO CANO,   7,11010,8
11000090001900008,CADIZ,CALLE,ALONSO CANO,   8,11010,42
11000090001900011,CADIZ,CALLE,ALONSO CANO,  11,11010,7
11000090001900012,CADIZ,CALLE,ALONSO CANO,  12,11010,15
11000090002000001,CADIZ,CALLE,AMADEO RODRÍGUEZ,   1,11007,12
11000090002000002,CADIZ,CALLE,AMADEO RODRÍGUEZ,   2,11007,14
11000090002000003,CADIZ,CALLE,AMADEO RODRÍGUEZ,   3,11007,6
11000090002000004,CADIZ,CALLE,AMADEO RODRÍGUEZ,   4,11007,9
11000090002300002,CADIZ,CALLE,AMIEL,   2,11012,10
11000090002400007,CADIZ,CALLE,AMILCAR BARCA,   7,11008,14
11000090002400009,CADIZ,CALLE,AMILCAR BARCA,   9,11008,3
11000090002400011,CADIZ,CALLE,AMILCAR BARCA,  11,11008,21
11000090002400013,CADIZ,CALLE,AMILCAR BARCA,  13,11008,3
11000090002400017,CADIZ,CALLE,AMILCAR BARCA,  17,11008,20
11000090002400019,CADIZ,CALLE,AMILCAR BARCA,  19,11008,18
11000090002400021,CADIZ,CALLE,AMILCAR BARCA,  21,11008,18
11000090002400029,CADIZ,CALLE,AMILCAR BARCA,  29,11009,46
11000090002400031,CADIZ,CALLE,AMILCAR BARCA,  31,11009,34
11000090002400033,CADIZ,CALLE,AMILCAR BARCA,  33,11009,11
11000090002400035,CADIZ,CALLE,AMILCAR BARCA,  35,11009,36
11000090002400037,CADIZ,CALLE,AMILCAR BARCA,  37,11009,2
11000090002400043,CADIZ,CALLE,AMILCAR BARCA,  43,11009,21
11000090002400045,CADIZ,CALLE,AMILCAR BARCA,  45,11009,13
11000090002500002,CADIZ,CALLE,AMOR BRUJO,   2,11009,10
11000090002500003,CADIZ,CALLE,AMOR BRUJO,   3,11009,20
11000090002500004,CADIZ,CALLE,AMOR BRUJO,   4,11009,10
11000090002500005,CADIZ,CALLE,AMOR BRUJO,   5,11009,20
11000090002500007,CADIZ,CALLE,AMOR BRUJO,   7,11009,20
11000090002500011,CADIZ,CALLE,AMOR BRUJO,  11,11009,20
11000090002600003,CADIZ,CALLE,AMOR DE DIOS,   3,11000,12
11000090002700002,CADIZ,AVENIDA,ANA DE VIYA,   2,11008,18
11000090002700003,CADIZ,AVENIDA,ANA DE VIYA,   3,11008,59
11000090002700005,CADIZ,AVENIDA,ANA DE VIYA,   5,11009,5
11000090002700006,CADIZ,AVENIDA,ANA DE VIYA,   6,11008,32
11000090002700008,CADIZ,AVENIDA,ANA DE VIYA,   8,11008,9
11000090002700009,CADIZ,AVENIDA,ANA DE VIYA,   9,11008,26
11000090002700010,CADIZ,AVENIDA,ANA DE VIYA,  10,11008,18
11000090002700014,CADIZ,AVENIDA,ANA DE VIYA,  14,11008,13
11000090002700016,CADIZ,AVENIDA,ANA DE VIYA,  16,11009,33
11000090002700017,CADIZ,AVENIDA,ANA DE VIYA,  17,11008,76
11000090002700018,CADIZ,AVENIDA,ANA DE VIYA,  18,11009,27
11000090002700020,CADIZ,AVENIDA,ANA DE VIYA,  20,11009,27
11000090002700022,CADIZ,AVENIDA,ANA DE VIYA,  22,11009,21
11000090002700028,CADIZ,AVENIDA,ANA DE VIYA,  28,11009,19
11000090002700030,CADIZ,AVENIDA,ANA DE VIYA,  30,11008,18
11000090002700034,CADIZ,AVENIDA,ANA DE VIYA,  34,11009,22
11000090002700036,CADIZ,AVENIDA,ANA DE VIYA,  36,11009,8
11000090003000004,CADIZ,AVENIDA,ANDALUCÍA,   4,11006,27
11000090003000009,CADIZ,AVENIDA,ANDALUCÍA,   9,11006,12
11000090003000010,CADIZ,AVENIDA,ANDALUCÍA,  10,11008,31
11000090003000011,CADIZ,AVENIDA,ANDALUCÍA,  11,11006,22
11000090003000013,CADIZ,AVENIDA,ANDALUCÍA,  13,11006,5
11000090003000015,CADIZ,AVENIDA,ANDALUCÍA,  15,11006,31
11000090003000016,CADIZ,AVENIDA,ANDALUCÍA,  16,11006,14
11000090003000019,CADIZ,AVENIDA,ANDALUCÍA,  19,11006,9
11000090003000021,CADIZ,AVENIDA,ANDALUCÍA,  21,11006,25
11000090003000024,CADIZ,AVENIDA,ANDALUCÍA,  24,11006,35
11000090003000026,CADIZ,AVENIDA,ANDALUCÍA,  26,11006,35
11000090003000030,CADIZ,AVENIDA,ANDALUCÍA,  30,11006,22
11000090003000031,CADIZ,AVENIDA,ANDALUCÍA,  31,11006,9
11000090003000033,CADIZ,AVENIDA,ANDALUCÍA,  33,11006,7
11000090003000044,CADIZ,AVENIDA,ANDALUCÍA,  44,11006,45
11000090003000047,CADIZ,AVENIDA,ANDALUCÍA,  47,11006,47
11000090003000049,CADIZ,AVENIDA,ANDALUCÍA,  49,11006,21
11000090003000051,CADIZ,AVENIDA,ANDALUCÍA,  51,11006,21
11000090003000060,CADIZ,AVENIDA,ANDALUCÍA,  60,11007,8
11000090003000062,CADIZ,AVENIDA,ANDALUCÍA,  62,11007,8
11000090003000064,CADIZ,AVENIDA,ANDALUCÍA,  64,11007,34
11000090003000066,CADIZ,AVENIDA,ANDALUCÍA,  66,11007,29
11000090003000067,CADIZ,AVENIDA,ANDALUCÍA,  67,11006,23
11000090003000068,CADIZ,AVENIDA,ANDALUCÍA,  68,11007,16
11000090003000073,CADIZ,AVENIDA,ANDALUCÍA,  73,11006,48
11000090003000075,CADIZ,AVENIDA,ANDALUCÍA,  75,11008,43
11000090003000081,CADIZ,AVENIDA,ANDALUCÍA,  81,11006,14
11000090003000082,CADIZ,AVENIDA,ANDALUCÍA,  82,11006,1
11000090003000083,CADIZ,AVENIDA,ANDALUCÍA,  83,11006,21
11000090003000084,CADIZ,AVENIDA,ANDALUCÍA,  84,11006,61
11000090003000085,CADIZ,AVENIDA,ANDALUCÍA,  85,11006,27
11000090003300004,CADIZ,CALLE,ANTONIO ACCAME,   4,11008,8
11000090003300006,CADIZ,CALLE,ANTONIO ACCAME,   6,11008,8
11000090003300010,CADIZ,CALLE,ANTONIO ACCAME,  10,11009,22
11000090003400001,CADIZ,CALLE,ANTONIO JOSÉ RIVERA,   1,11011,20
11000090003400002,CADIZ,CALLE,ANTONIO JOSÉ RIVERA,   2,11011,10
11000090003400003,CADIZ,CALLE,ANTONIO JOSÉ RIVERA,   3,11011,10
11000090003400004,CADIZ,CALLE,ANTONIO JOSÉ RIVERA,   4,11011,10
11000090003400005,CADIZ,CALLE,ANTONIO JOSÉ RIVERA,   5,11011,16
11000090003400006,CADIZ,CALLE,ANTONIO JOSÉ RIVERA,   6,11011,10
11000090003400008,CADIZ,CALLE,ANTONIO JOSÉ RIVERA,   8,11011,20
11000090003600001,CADIZ,CALLE,ANTONIO MACHADO,   1,11008,8
11000090003600002,CADIZ,CALLE,ANTONIO MACHADO,   2,11008,18
11000090003600003,CADIZ,CALLE,ANTONIO MACHADO,   3,11008,10
11000090003600004,CADIZ,CALLE,ANTONIO MACHADO,   4,11008,12
11000090003600005,CADIZ,CALLE,ANTONIO MACHADO,   5,11008,8
11000090003600006,CADIZ,CALLE,ANTONIO MACHADO,   6,11008,18
11000090003600007,CADIZ,CALLE,ANTONIO MACHADO,   7,11008,10
11000090003600008,CADIZ,CALLE,ANTONIO MACHADO,   8,11008,8
11000090003600009,CADIZ,CALLE,ANTONIO MACHADO,   9,11008,8
11000090003600010,CADIZ,CALLE,ANTONIO MACHADO,  10,11008,12
11000090003600011,CADIZ,CALLE,ANTONIO MACHADO,  11,11008,16
11000090003600012,CADIZ,CALLE,ANTONIO MACHADO,  12,11008,8
11000090003600013,CADIZ,CALLE,ANTONIO MACHADO,  13,11008,16
11000090003600014,CADIZ,CALLE,ANTONIO MACHADO,  14,11008,13
11000090003600015,CADIZ,CALLE,ANTONIO MACHADO,  15,11008,16
11000090003600016,CADIZ,CALLE,ANTONIO MACHADO,  16,11008,8
11000090003600017,CADIZ,CALLE,ANTONIO MACHADO,  17,11008,16
11000090003600019,CADIZ,CALLE,ANTONIO MACHADO,  19,11008,16
11000090003700001,CADIZ,Pasaje,ANTONIO MUÑOZ QUERO,   1,11012,52
11000090003700002,CADIZ,Pasaje,ANTONIO MUÑOZ QUERO,   2,11012,50
11000090003700003,CADIZ,Pasaje,ANTONIO MUÑOZ QUERO,   3,11012,50
11000090003700004,CADIZ,Pasaje,ANTONIO MUÑOZ QUERO,   4,11012,49
11000090003700005,CADIZ,Pasaje,ANTONIO MUÑOZ QUERO,   5,11012,57
11000090004600001,CADIZ,CALLE,ARENAL,   1,11011,9
11000090005500001,CADIZ,PLAZA,ASDRÚBAL,   1,11007,8
11000090005500002,CADIZ,PLAZA,ASDRÚBAL,   2,11007,8
11000090005500003,CADIZ,PLAZA,ASDRÚBAL,   3,11007,18
11000090005500004,CADIZ,PLAZA,ASDRÚBAL,   4,11008,21
11000090005500005,CADIZ,PLAZA,ASDRÚBAL,   5,11008,22
11000090005700002,CADIZ,CALLE,ATLÁNTIDA,   2,11009,10
11000090005700004,CADIZ,CALLE,ATLÁNTIDA,   4,11009,10
11000090005700006,CADIZ,CALLE,ATLÁNTIDA,   6,11009,10
11000090005700008,CADIZ,CALLE,ATLÁNTIDA,   8,11009,10
11000090005900001,CADIZ,PLAZA,AUGUSTO CONTE LACAVE,   1,11012,23
11000090005900002,CADIZ,PLAZA,AUGUSTO CONTE LACAVE,   2,11012,23
11000090005900003,CADIZ,PLAZA,AUGUSTO CONTE LACAVE,   3,11012,23
11000090006100079,CADIZ,CALLE,ÁUREO FERNÁNDEZ ÁVILA,  79,11000,1
11000090006100080,CADIZ,CALLE,ÁUREO FERNÁNDEZ ÁVILA,  80,11000,1
11000090006100081,CADIZ,CALLE,ÁUREO FERNÁNDEZ ÁVILA,  81,11000,1
11000090006100082,CADIZ,CALLE,ÁUREO FERNÁNDEZ ÁVILA,  82,11000,1
11000090006100083,CADIZ,CALLE,ÁUREO FERNÁNDEZ ÁVILA,  83,11000,1
11000090006100084,CADIZ,CALLE,ÁUREO FERNÁNDEZ ÁVILA,  84,11000,1
11000090006100085,CADIZ,CALLE,ÁUREO FERNÁNDEZ ÁVILA,  85,11000,1
11000090006100086,CADIZ,CALLE,ÁUREO FERNÁNDEZ ÁVILA,  86,11000,1
11000090006100097,CADIZ,CALLE,ÁUREO FERNÁNDEZ ÁVILA,  97,11000,1
11000090006100098,CADIZ,CALLE,ÁUREO FERNÁNDEZ ÁVILA,  98,11000,1
11000090006100099,CADIZ,CALLE,ÁUREO FERNÁNDEZ ÁVILA,  99,11000,1
11000090006100100,CADIZ,CALLE,ÁUREO FERNÁNDEZ ÁVILA, 100,11000,1
11000090006100101,CADIZ,CALLE,ÁUREO FERNÁNDEZ ÁVILA, 101,11000,1
11000090006100102,CADIZ,CALLE,ÁUREO FERNÁNDEZ ÁVILA, 102,11000,1
11000090006100103,CADIZ,CALLE,ÁUREO FERNÁNDEZ ÁVILA, 103,11000,1
11000090006100104,CADIZ,CALLE,ÁUREO FERNÁNDEZ ÁVILA, 104,11000,1
11000090006200015,CADIZ,AVENIDA,DE LA BAHÍA,  15,11012,23
11000090006200017,CADIZ,AVENIDA,DE LA BAHÍA,  17,11012,23
11000090006200019,CADIZ,AVENIDA,DE LA BAHÍA,  19,11012,21
11000090006200021,CADIZ,AVENIDA,DE LA BAHÍA,  21,11012,23
11000090006200023,CADIZ,AVENIDA,DE LA BAHÍA,  23,11012,46
11000090006200025,CADIZ,AVENIDA,DE LA BAHÍA,  25,11012,46
11000090006200031,CADIZ,AVENIDA,DE LA BAHÍA,  31,11012,45
11000090006200033,CADIZ,AVENIDA,DE LA BAHÍA,  33,11012,45
11000090006700001,CADIZ,CALLE,BARBATE,   1,11012,76
11000090006700003,CADIZ,CALLE,BARBATE,   3,11012,77
11000090006700005,CADIZ,CALLE,BARBATE,   5,11012,76
11000090006700007,CADIZ,CALLE,BARBATE,   7,11012,78
11000090006700009,CADIZ,CALLE,BARBATE,   9,11012,79
11000090006700011,CADIZ,CALLE,BARBATE,  11,11012,28
11000090006700013,CADIZ,CALLE,BARBATE,  13,11012,28
11000090006700015,CADIZ,CALLE,BARBATE,  15,11012,28
11000090006700017,CADIZ,CALLE,BARBATE,  17,11012,26
11000090006700019,CADIZ,CALLE,BARBATE,  19,11012,27
11000090006700058,CADIZ,CALLE,BARBATE,  58,11012,36
11000090006700060,CADIZ,CALLE,BARBATE,  60,11012,53
11000090006700062,CADIZ,CALLE,BARBATE,  62,11012,64
11000090006700066,CADIZ,CALLE,BARBATE,  66,11012,68
11000090007400003,CADIZ,CALLE,BATISTA,   3,11008,1
11000090007800002,CADIZ,CALLE,BELLAVISTA,   2,11000,15
11000090007800003,CADIZ,CALLE,BELLAVISTA,   3,11000,10
11000090007800004,CADIZ,CALLE,BELLAVISTA,   4,11000,10
11000090007800006,CADIZ,CALLE,BELLAVISTA,   6,11000,10
11000090008300001,CADIZ,CALLE,BITÁCORA,   1,11011,10
11000090008300002,CADIZ,CALLE,BITÁCORA,   2,11011,4
11000090008400002,CADIZ,CALLEJON,BLANCO,   2,11008,8
11000090008400004,CADIZ,CALLEJON,BLANCO,   4,11008,15
11000090008400006,CADIZ,CALLEJON,BLANCO,   6,11008,18
11000090008800001,CADIZ,CALLE,BRASIL,   1,11009,19
11000090008800002,CADIZ,CALLE,BRASIL,   2,11009,27
11000090008900001,CADIZ,CALLE,BRIGADIER TOFIÑO,   1,11012,45
11000090008900002,CADIZ,CALLE,BRIGADIER TOFIÑO,   2,11012,8
11000090008900012,CADIZ,CALLE,BRIGADIER TOFIÑO,  12,11012,21
11000090008900014,CADIZ,CALLE,BRIGADIER TOFIÑO,  14,11012,21
11000090009000001,CADIZ,CALLE,BRÚJULA,   1,11011,23
11000090009100002,CADIZ,CALLE,BRUNETE,   2,11007,64
11000090009100004,CADIZ,CALLE,BRUNETE,   4,11007,1
11000090009100006,CADIZ,CALLE,BRUNETE,   6,11007,5
11000090009100008,CADIZ,CALLE,BRUNETE,   8,11007,15
11000090010000002,CADIZ,CALLE,CAMPOS ELISEOS,   2,11008,3
11000090010000004,CADIZ,CALLE,CAMPOS ELISEOS,   4,11008,3
11000090010000006,CADIZ,CALLE,CAMPOS ELISEOS,   6,11008,3
11000090010000008,CADIZ,CALLE,CAMPOS ELISEOS,   8,11008,2
11000090010000010,CADIZ,CALLE,CAMPOS ELISEOS,  10,11008,2
11000090010000012,CADIZ,CALLE,CAMPOS ELISEOS,  12,11008,2
11000090010500004,CADIZ,CALLE,CARACOLAS,   4,11009,39
11000090010500005,CADIZ,CALLE,CARACOLAS,   5,11009,25
11000090010500007,CADIZ,CALLE,CARACOLAS,   7,11009,17
11000090010800001,CADIZ,CALLE,CARLOS HAYA,   1,11011,40
11000090010800002,CADIZ,CALLE,CARLOS HAYA,   2,11011,20
11000090010800003,CADIZ,CALLE,CARLOS HAYA,   3,11011,40
11000090010800004,CADIZ,CALLE,CARLOS HAYA,   4,11011,20
11000090010800005,CADIZ,CALLE,CARLOS HAYA,   5,11011,40
11000090010800006,CADIZ,CALLE,CARLOS HAYA,   6,11011,20
11000090010800007,CADIZ,CALLE,CARLOS HAYA,   7,11011,40
11000090010800008,CADIZ,CALLE,CARLOS HAYA,   8,11011,20
11000090010800009,CADIZ,CALLE,CARLOS HAYA,   9,11011,40
11000090010800010,CADIZ,CALLE,CARLOS HAYA,  10,11011,20
11000090010800011,CADIZ,CALLE,CARLOS HAYA,  11,11011,40
11000090010800013,CADIZ,CALLE,CARLOS HAYA,  13,11011,40
11000090010800015,CADIZ,CALLE,CARLOS HAYA,  15,11011,40
11000090010800017,CADIZ,CALLE,CARLOS HAYA,  17,11011,40
11000090011100001,CADIZ,CALLE,CARRACA,   1,11011,32
11000090011100002,CADIZ,CALLE,CARRACA,   2,11011,55
11000090011100003,CADIZ,CALLE,CARRACA,   3,11011,24
11000090011100005,CADIZ,CALLE,CARRACA,   5,11011,1
11000090011100007,CADIZ,CALLE,CARRACA,   7,11011,1
11000090011100009,CADIZ,CALLE,CARRACA,   9,11011,21
11000090011600001,CADIZ,CALLE,CATARROJA,   1,11000,8
11000090011600002,CADIZ,CALLE,CATARROJA,   2,11000,8
11000090011600003,CADIZ,CALLE,CATARROJA,   3,11000,8
11000090011800001,CADIZ,AVENIDA,CAYETANO DEL TORO,   1,11010,64
11000090011800002,CADIZ,AVENIDA,CAYETANO DEL TORO,   2,11010,7
11000090011800003,CADIZ,AVENIDA,CAYETANO DEL TORO,   3,11010,61
11000090011800004,CADIZ,AVENIDA,CAYETANO DEL TORO,   4,11010,5
11000090011800006,CADIZ,AVENIDA,CAYETANO DEL TORO,   6,11010,32
11000090011800008,CADIZ,AVENIDA,CAYETANO DEL TORO,   8,11010,17
11000090011800010,CADIZ,AVENIDA,CAYETANO DEL TORO,  10,11010,10
11000090011800012,CADIZ,AVENIDA,CAYETANO DEL TORO,  12,11010,8
11000090011800014,CADIZ,AVENIDA,CAYETANO DEL TORO,  14,11010,28
11000090011800015,CADIZ,AVENIDA,CAYETANO DEL TORO,  15,11010,16
11000090011800016,CADIZ,AVENIDA,CAYETANO DEL TORO,  16,11010,27
11000090011800017,CADIZ,AVENIDA,CAYETANO DEL TORO,  17,11010,15
11000090011800018,CADIZ,AVENIDA,CAYETANO DEL TORO,  18,11010,26
11000090011800019,CADIZ,AVENIDA,CAYETANO DEL TORO,  19,11010,13
11000090011800020,CADIZ,AVENIDA,CAYETANO DEL TORO,  20,11010,26
11000090011800021,CADIZ,AVENIDA,CAYETANO DEL TORO,  21,11010,107
11000090011800022,CADIZ,AVENIDA,CAYETANO DEL TORO,  22,11010,20
11000090011800025,CADIZ,AVENIDA,CAYETANO DEL TORO,  25,11010,21
11000090011800026,CADIZ,AVENIDA,CAYETANO DEL TORO,  26,11010,11
11000090011800027,CADIZ,AVENIDA,CAYETANO DEL TORO,  27,11010,18
11000090011800028,CADIZ,AVENIDA,CAYETANO DEL TORO,  28,11010,8
11000090011800029,CADIZ,AVENIDA,CAYETANO DEL TORO,  29,11010,125
11000090011800038,CADIZ,AVENIDA,CAYETANO DEL TORO,  38,11010,83
11000090011800044,CADIZ,AVENIDA,CAYETANO DEL TORO,  44,11010,48
11000090011800046,CADIZ,AVENIDA,CAYETANO DEL TORO,  46,11010,63
11000090011800054,CADIZ,AVENIDA,CAYETANO DEL TORO,  54,11010,281
11000090012200002,CADIZ,CALLE,CEUTA,   2,11011,23
11000090012200004,CADIZ,CALLE,CEUTA,   4,11011,11
11000090012300001,CADIZ,CALLE,CIBELES,   1,11000,10
11000090012300002,CADIZ,CALLE,CIBELES,   2,11000,10
11000090012600001,CADIZ,CALLE,CIUDAD DE SANTANDER,   1,11007,5
11000090012600002,CADIZ,CALLE,CIUDAD DE SANTANDER,   2,11007,32
11000090012600003,CADIZ,CALLE,CIUDAD DE SANTANDER,   3,11007,4
11000090012600004,CADIZ,CALLE,CIUDAD DE SANTANDER,   4,11007,14
11000090012600005,CADIZ,CALLE,CIUDAD DE SANTANDER,   5,11007,16
11000090012600007,CADIZ,CALLE,CIUDAD DE SANTANDER,   7,11007,7
11000090012600008,CADIZ,CALLE,CIUDAD DE SANTANDER,   8,11007,14
11000090012600010,CADIZ,CALLE,CIUDAD DE SANTANDER,  10,11007,21
11000090012600011,CADIZ,CALLE,CIUDAD DE SANTANDER,  11,11007,28
11000090012600012,CADIZ,CALLE,CIUDAD DE SANTANDER,  12,11007,3
11000090012600014,CADIZ,CALLE,CIUDAD DE SANTANDER,  14,11008,8
11000090012600016,CADIZ,CALLE,CIUDAD DE SANTANDER,  16,11007,7
11000090012600018,CADIZ,CALLE,CIUDAD DE SANTANDER,  18,11007,6
11000090012900001,CADIZ,CALLE,COLARTE,   1,11008,28
11000090012900002,CADIZ,CALLE,COLARTE,   2,11008,12
11000090012900003,CADIZ,CALLE,COLARTE,   3,11008,8
11000090012900004,CADIZ,CALLE,COLARTE,   4,11008,10
11000090012900005,CADIZ,CALLE,COLARTE,   5,11008,8
11000090012900006,CADIZ,CALLE,COLARTE,   6,11008,10
11000090012900007,CADIZ,CALLE,COLARTE,   7,11008,18
11000090013600005,CADIZ,CALLE,CONDESA VILLAFUENTE BERMEJA,   5,11008,24
11000090013600007,CADIZ,CALLE,CONDESA VILLAFUENTE BERMEJA,   7,11008,23
11000090013600009,CADIZ,CALLE,CONDESA VILLAFUENTE BERMEJA,   9,11008,23
11000090013600011,CADIZ,CALLE,CONDESA VILLAFUENTE BERMEJA,  11,11008,24
11000090013800002,CADIZ,CALLE,COOPERATIVA,   2,11007,10
11000090013800005,CADIZ,CALLE,COOPERATIVA,   5,11007,18
11000090013800007,CADIZ,CALLE,COOPERATIVA,   7,11007,18
11000090013800009,CADIZ,CALLE,COOPERATIVA,   9,11007,54
11000090013800011,CADIZ,CALLE,COOPERATIVA,  11,11007,9
11000090013800013,CADIZ,CALLE,COOPERATIVA,  13,11007,37
11000090014000006,CADIZ,CALLE,CORONEL MACÍAS,   6,11000,10
11000090014600001,CADIZ,CALLE,CRONOS,   1,11009,16
11000090014800001,CADIZ,CALLE,CRUZ ROJA ESPAÑOLA,   1,11008,16
11000090014800002,CADIZ,CALLE,CRUZ ROJA ESPAÑOLA,   2,11009,13
11000090014800003,CADIZ,CALLE,CRUZ ROJA ESPAÑOLA,   3,11008,8
11000090014800005,CADIZ,CALLE,CRUZ ROJA ESPAÑOLA,   5,11008,8
11000090014800007,CADIZ,CALLE,CRUZ ROJA ESPAÑOLA,   7,11009,30
11000090014800009,CADIZ,CALLE,CRUZ ROJA ESPAÑOLA,   9,11009,30
11000090014800010,CADIZ,CALLE,CRUZ ROJA ESPAÑOLA,  10,11009,8
11000090014800011,CADIZ,CALLE,CRUZ ROJA ESPAÑOLA,  11,11009,30
11000090014800012,CADIZ,CALLE,CRUZ ROJA ESPAÑOLA,  12,11009,8
11000090015300001,CADIZ,CALLE,DÁRSENA,   1,11011,8
11000090016000002,CADIZ,CALLE,DOCTOR HERRERA QUEVEDO,   2,11010,6
11000090016000005,CADIZ,CALLE,DOCTOR HERRERA QUEVEDO,   5,11010,56
11000090016300001,CADIZ,CALLE,DOCTOR RODRIGUEZ LOPEZ,   1,11001,10
11000090016600001,CADIZ,CALLE,DOROTEA,   1,11008,8
11000090016600002,CADIZ,CALLE,DOROTEA,   2,11009,4
11000090016600003,CADIZ,CALLE,DOROTEA,   3,11009,13
11000090016600004,CADIZ,CALLE,DOROTEA,   4,11009,7
11000090016600005,CADIZ,CALLE,DOROTEA,   5,11009,21
11000090016600006,CADIZ,CALLE,DOROTEA,   6,11009,11
11000090016600008,CADIZ,CALLE,DOROTEA,   8,11009,5
11000090016600012,CADIZ,CALLE,DOROTEA,  12,11009,10
11000090016700001,CADIZ,CALLE,DRAGO,   1,11009,68
11000090016700003,CADIZ,CALLE,DRAGO,   3,11009,13
11000090016700004,CADIZ,CALLE,DRAGO,   4,11009,5
11000090017200002,CADIZ,CALLE,EJERCITO DE ÁFRICA,   2,11009,19
11000090017200003,CADIZ,CALLE,EJERCITO DE ÁFRICA,   3,11009,10
11000090017200004,CADIZ,CALLE,EJERCITO DE ÁFRICA,   4,11000,34
11000090017200005,CADIZ,CALLE,EJERCITO DE ÁFRICA,   5,11009,10
11000090017200007,CADIZ,CALLE,EJERCITO DE ÁFRICA,   7,11009,10
11000090017200009,CADIZ,CALLE,EJERCITO DE ÁFRICA,   9,11009,11
11000090017200013,CADIZ,CALLE,EJERCITO DE ÁFRICA,  13,11009,16
11000090017300002,CADIZ,CALLE,MIRABRAS,   2,11000,14
11000090017500003,CADIZ,GLORIETA,HELIOS,   3,11011,10
11000090017700001,CADIZ,CALLE,ENRIQUE CALBO,   1,11007,6
11000090017700002,CADIZ,CALLE,ENRIQUE CALBO,   2,11007,26
11000090017700003,CADIZ,CALLE,ENRIQUE CALBO,   3,11007,6
11000090017700004,CADIZ,CALLE,ENRIQUE CALBO,   4,11007,27
11000090017700005,CADIZ,CALLE,ENRIQUE CALBO,   5,11007,6
11000090017700007,CADIZ,CALLE,ENRIQUE CALBO,   7,11007,6
11000090017700009,CADIZ,CALLE,ENRIQUE CALBO,   9,11007,12
11000090017700011,CADIZ,CALLE,ENRIQUE CALBO,  11,11007,13
11000090017700013,CADIZ,CALLE,ENRIQUE CALBO,  13,11007,13
11000090017900001,CADIZ,CALLE,ESCALZO,   1,11009,3
11000090017900002,CADIZ,CALLE,ESCALZO,   2,11009,18
11000090017900003,CADIZ,CALLE,ESCALZO,   3,11009,35
11000090017900004,CADIZ,CALLE,ESCALZO,   4,11009,58
11000090018300001,CADIZ,CALLE,EXPLANADA,   1,11011,32
11000090018300002,CADIZ,CALLE,EXPLANADA,   2,11011,8
11000090018300003,CADIZ,CALLE,EXPLANADA,   3,11011,24
11000090018600001,CADIZ,CALLE,FANTASÍA BETICA,   1,11009,10
11000090018600002,CADIZ,CALLE,FANTASÍA BETICA,   2,11009,56
11000090018600003,CADIZ,CALLE,FANTASÍA BETICA,   3,11009,10
11000090018600004,CADIZ,CALLE,FANTASÍA BETICA,   4,11009,32
11000090018600006,CADIZ,CALLE,FANTASÍA BETICA,   6,11009,32
11000090018600008,CADIZ,CALLE,FANTASÍA BETICA,   8,11009,32
11000090018700001,CADIZ,PLAZA,FARIÑAS FERREÑO,   1,11012,8
11000090018700002,CADIZ,PLAZA,FARIÑAS FERREÑO,   2,11012,8
11000090018700003,CADIZ,PLAZA,FARIÑAS FERREÑO,   3,11012,8
11000090018700004,CADIZ,PLAZA,FARIÑAS FERREÑO,   4,11012,8
11000090018700005,CADIZ,PLAZA,FARIÑAS FERREÑO,   5,11012,8
11000090018700006,CADIZ,PLAZA,FARIÑAS FERREÑO,   6,11012,8
11000090019200002,CADIZ,CALLE,FERNÁNDEZ BALLESTEROS,   2,11009,42
11000090019200003,CADIZ,CALLE,FERNÁNDEZ BALLESTEROS,   3,11009,10
11000090019200004,CADIZ,CALLE,FERNÁNDEZ BALLESTEROS,   4,11009,21
11000090019200005,CADIZ,CALLE,FERNÁNDEZ BALLESTEROS,   5,11009,8
11000090019200006,CADIZ,CALLE,FERNÁNDEZ BALLESTEROS,   6,11009,24
11000090019200007,CADIZ,CALLE,FERNÁNDEZ BALLESTEROS,   7,11009,9
11000090019200008,CADIZ,CALLE,FERNÁNDEZ BALLESTEROS,   8,11009,6
11000090019200009,CADIZ,CALLE,FERNÁNDEZ BALLESTEROS,   9,11009,8
11000090019200010,CADIZ,CALLE,FERNÁNDEZ BALLESTEROS,  10,11009,6
11000090019200012,CADIZ,CALLE,FERNÁNDEZ BALLESTEROS,  12,11009,6
11000090019200013,CADIZ,CALLE,FERNÁNDEZ BALLESTEROS,  13,11009,11
11000090019200014,CADIZ,CALLE,FERNÁNDEZ BALLESTEROS,  14,11009,6
11000090019200016,CADIZ,CALLE,FERNÁNDEZ BALLESTEROS,  16,11009,6
11000090019200018,CADIZ,CALLE,FERNÁNDEZ BALLESTEROS,  18,11009,6
11000090019200019,CADIZ,CALLE,FERNÁNDEZ BALLESTEROS,  19,11009,2
11000090019200021,CADIZ,CALLE,FERNÁNDEZ BALLESTEROS,  21,11009,2
11000090019200023,CADIZ,CALLE,FERNÁNDEZ BALLESTEROS,  23,11009,64
11000090019400007,CADIZ,AVENIDA,FERNÁNDEZ LADREDA,   7,11006,18
11000090020200001,CADIZ,CALLE,FRANCISCO GARCÍA MERCHÁN,   1,11006,12
11000090020200003,CADIZ,CALLE,FRANCISCO GARCÍA MERCHÁN,   3,11006,10
11000090020300001,CADIZ,CALLE,FRANCISCO GARCÍA DE SOLA,   1,11008,8
11000090020300002,CADIZ,CALLE,FRANCISCO GARCÍA DE SOLA,   2,11008,19
11000090020300003,CADIZ,CALLE,FRANCISCO GARCÍA DE SOLA,   3,11008,12
11000090020300005,CADIZ,CALLE,FRANCISCO GARCÍA DE SOLA,   5,11008,8
11000090020300007,CADIZ,CALLE,FRANCISCO GARCÍA DE SOLA,   7,11008,12
11000090020300009,CADIZ,CALLE,FRANCISCO GARCÍA DE SOLA,   9,11008,8
11000090020300010,CADIZ,CALLE,FRANCISCO GARCÍA DE SOLA,  10,11008,11
11000090020300011,CADIZ,CALLE,FRANCISCO GARCÍA DE SOLA,  11,11008,8
11000090020300012,CADIZ,CALLE,FRANCISCO GARCÍA DE SOLA,  12,11008,10
11000090020300013,CADIZ,CALLE,FRANCISCO GARCÍA DE SOLA,  13,11008,12
11000090020300014,CADIZ,CALLE,FRANCISCO GARCÍA DE SOLA,  14,11008,10
11000090020300015,CADIZ,CALLE,FRANCISCO GARCÍA DE SOLA,  15,11008,8
11000090020300016,CADIZ,CALLE,FRANCISCO GARCÍA DE SOLA,  16,11008,10
11000090020300017,CADIZ,CALLE,FRANCISCO GARCÍA DE SOLA,  17,11008,12
11000090020300018,CADIZ,CALLE,FRANCISCO GARCÍA DE SOLA,  18,11008,12
11000090020300019,CADIZ,CALLE,FRANCISCO GARCÍA DE SOLA,  19,11008,8
11000090020300021,CADIZ,CALLE,FRANCISCO GARCÍA DE SOLA,  21,11008,9
11000090020300023,CADIZ,CALLE,FRANCISCO GARCÍA DE SOLA,  23,11008,10
11000090020300025,CADIZ,CALLE,FRANCISCO GARCÍA DE SOLA,  25,11008,10
11000090020300027,CADIZ,CALLE,FRANCISCO GARCÍA DE SOLA,  27,11008,20
11000090020300028,CADIZ,CALLE,FRANCISCO GARCÍA DE SOLA,  28,11008,10
11000090020300029,CADIZ,CALLE,FRANCISCO GARCÍA DE SOLA,  29,11008,20
11000090020300030,CADIZ,CALLE,FRANCISCO GARCÍA DE SOLA,  30,11008,10
11000090020300031,CADIZ,CALLE,FRANCISCO GARCÍA DE SOLA,  31,11008,20
11000090020300032,CADIZ,CALLE,FRANCISCO GARCÍA DE SOLA,  32,11008,10
11000090020300033,CADIZ,CALLE,FRANCISCO GARCÍA DE SOLA,  33,11008,19
11000090020300034,CADIZ,CALLE,FRANCISCO GARCÍA DE SOLA,  34,11008,10
11000090020300035,CADIZ,CALLE,FRANCISCO GARCÍA DE SOLA,  35,11008,8
11000090020300036,CADIZ,CALLE,FRANCISCO GARCÍA DE SOLA,  36,11008,11
11000090020300037,CADIZ,CALLE,FRANCISCO GARCÍA DE SOLA,  37,11008,8
11000090020300038,CADIZ,CALLE,FRANCISCO GARCÍA DE SOLA,  38,11008,8
11000090020300039,CADIZ,CALLE,FRANCISCO GARCÍA DE SOLA,  39,11008,8
11000090020300040,CADIZ,CALLE,FRANCISCO GARCÍA DE SOLA,  40,11008,8
11000090020300041,CADIZ,CALLE,FRANCISCO GARCÍA DE SOLA,  41,11008,10
11000090020300042,CADIZ,CALLE,FRANCISCO GARCÍA DE SOLA,  42,11008,8
11000090020300043,CADIZ,CALLE,FRANCISCO GARCÍA DE SOLA,  43,11008,11
11000090020300044,CADIZ,CALLE,FRANCISCO GARCÍA DE SOLA,  44,11008,3
11000090020300045,CADIZ,CALLE,FRANCISCO GARCÍA DE SOLA,  45,11008,10
11000090020300046,CADIZ,CALLE,FRANCISCO GARCÍA DE SOLA,  46,11008,11
11000090020300047,CADIZ,CALLE,FRANCISCO GARCÍA DE SOLA,  47,11008,10
11000090020300048,CADIZ,CALLE,FRANCISCO GARCÍA DE SOLA,  48,11008,1
11000090020300049,CADIZ,CALLE,FRANCISCO GARCÍA DE SOLA,  49,11008,10
11000090020300050,CADIZ,CALLE,FRANCISCO GARCÍA DE SOLA,  50,11008,2
11000090020300051,CADIZ,CALLE,FRANCISCO GARCÍA DE SOLA,  51,11008,10
11000090020300052,CADIZ,CALLE,FRANCISCO GARCÍA DE SOLA,  52,11008,2
11000090020300054,CADIZ,CALLE,FRANCISCO GARCÍA DE SOLA,  54,11008,2
11000090020300056,CADIZ,CALLE,FRANCISCO GARCÍA DE SOLA,  56,11008,2
11000090020300058,CADIZ,CALLE,FRANCISCO GARCÍA DE SOLA,  58,11008,2
11000090020300060,CADIZ,CALLE,FRANCISCO GARCÍA DE SOLA,  60,11008,13
11000090020500004,CADIZ,CALLE,FRAY PABLO DE CÁDIZ,   4,11000,8
11000090020500008,CADIZ,CALLE,FRAY PABLO DE CÁDIZ,   8,11000,9
11000090020600001,CADIZ,CALLE,GABRIEL MATUTE,   1,11008,17
11000090020600002,CADIZ,CALLE,GABRIEL MATUTE,   2,11008,17
11000090020600003,CADIZ,CALLE,GABRIEL MATUTE,   3,11008,16
11000090020600004,CADIZ,CALLE,GABRIEL MATUTE,   4,11008,24
11000090020600005,CADIZ,CALLE,GABRIEL MATUTE,   5,11008,15
11000090020600006,CADIZ,CALLE,GABRIEL MATUTE,   6,11008,41
11000090020600008,CADIZ,CALLE,GABRIEL MATUTE,   8,11008,41
11000090020600010,CADIZ,CALLE,GABRIEL MATUTE,  10,11008,1
11000090020800001,CADIZ,CALLE,GARCÍA CARRERA,   1,11009,12
11000090020800002,CADIZ,CALLE,GARCÍA CARRERA,   2,11009,35
11000090020800003,CADIZ,CALLE,GARCÍA CARRERA,   3,11009,12
11000090020800005,CADIZ,CALLE,GARCÍA CARRERA,   5,11009,11
11000090020800007,CADIZ,CALLE,GARCÍA CARRERA,   7,11009,34
11000090020800009,CADIZ,CALLE,GARCÍA CARRERA,   9,11009,37
11000090020800011,CADIZ,CALLE,GARCÍA CARRERA,  11,11009,31
11000090020800015,CADIZ,CALLE,GARCÍA CARRERA,  15,11009,8
11000090020800016,CADIZ,CALLE,GARCÍA CARRERA,  16,11009,7
11000090020800017,CADIZ,CALLE,GARCÍA CARRERA,  17,11009,8
11000090020800018,CADIZ,CALLE,GARCÍA CARRERA,  18,11009,10
11000090020800019,CADIZ,CALLE,GARCÍA CARRERA,  19,11009,8
11000090020800020,CADIZ,CALLE,GARCÍA CARRERA,  20,11009,10
11000090020800021,CADIZ,CALLE,GARCÍA CARRERA,  21,11009,8
11000090020800023,CADIZ,CALLE,GARCÍA CARRERA,  23,11009,8
11000090020800025,CADIZ,CALLE,GARCÍA CARRERA,  25,11009,8
11000090020800027,CADIZ,CALLE,GARCÍA CARRERA,  27,11009,8
11000090020800029,CADIZ,CALLE,GARCÍA CARRERA,  29,11009,8
11000090020800031,CADIZ,CALLE,GARCÍA CARRERA,  31,11009,11
11000090020800033,CADIZ,CALLE,GARCÍA CARRERA,  33,11009,10
11000090020800035,CADIZ,CALLE,GARCÍA CARRERA,  35,11009,10
11000090020800037,CADIZ,CALLE,GARCÍA CARRERA,  37,11009,10
11000090020800041,CADIZ,CALLE,GARCÍA CARRERA,  41,11009,16
11000090020800043,CADIZ,CALLE,GARCÍA CARRERA,  43,11009,76
11000090020800045,CADIZ,CALLE,GARCÍA CARRERA,  45,11009,72
11000090020800047,CADIZ,CALLE,GARCÍA CARRERA,  47,11009,10
11000090020800049,CADIZ,CALLE,GARCÍA CARRERA,  49,11009,22
11000090020900002,CADIZ,CALLE,GARCÍA GAMERO,   2,11000,14
11000090020900004,CADIZ,CALLE,GARCÍA GAMERO,   4,11000,11
11000090021000001,CADIZ,CALLE,GARCÍA LORCA,   1,11008,8
11000090021000002,CADIZ,CALLE,GARCÍA LORCA,   2,11008,6
11000090021000003,CADIZ,CALLE,GARCÍA LORCA,   3,11008,8
11000090021000004,CADIZ,CALLE,GARCÍA LORCA,   4,11008,7
11000090021000005,CADIZ,CALLE,GARCÍA LORCA,   5,11008,8
11000090021000006,CADIZ,CALLE,GARCÍA LORCA,   6,11008,7
11000090021000007,CADIZ,CALLE,GARCÍA LORCA,   7,11008,10
11000090021000008,CADIZ,CALLE,GARCÍA LORCA,   8,11008,6
11000090021000009,CADIZ,CALLE,GARCÍA LORCA,   9,11008,10
11000090021000011,CADIZ,CALLE,GARCÍA LORCA,  11,11008,54
11000090021000013,CADIZ,CALLE,GARCÍA LORCA,  13,11008,37
11000090021200001,CADIZ,CALLE,GARCÍA QUIJANO,   1,11012,12
11000090021200003,CADIZ,CALLE,GARCÍA QUIJANO,   3,11012,16
11000090021200005,CADIZ,CALLE,GARCÍA QUIJANO,   5,11012,11
11000090021200007,CADIZ,CALLE,GARCÍA QUIJANO,   7,11007,8
11000090021200009,CADIZ,CALLE,GARCÍA QUIJANO,   9,11007,8
11000090021300002,CADIZ,CALLE,GAS,   2,11008,6
11000090021300007,CADIZ,CALLE,GAS,   7,11008,7
11000090021300009,CADIZ,CALLE,GAS,   9,11008,10
11000090021300011,CADIZ,CALLE,GAS,  11,11008,8
11000090021300012,CADIZ,CALLE,GAS,  12,11008,1
11000090021300013,CADIZ,CALLE,GAS,  13,11008,11
11000090021300014,CADIZ,CALLE,GAS,  14,11008,2
11000090021300015,CADIZ,CALLE,GAS,  15,11008,10
11000090021300016,CADIZ,CALLE,GAS,  16,11008,5
11000090021300018,CADIZ,CALLE,GAS,  18,11008,12
11000090021500001,CADIZ,CALLE,GENERAL GARCÍA ESCÁMEZ,   1,11008,50
11000090021500002,CADIZ,CALLE,GENERAL GARCÍA ESCÁMEZ,   2,11008,51
11000090021500003,CADIZ,CALLE,GENERAL GARCÍA ESCÁMEZ,   3,11007,21
11000090021500004,CADIZ,CALLE,GENERAL GARCÍA ESCÁMEZ,   4,11008,9
11000090021500005,CADIZ,CALLE,GENERAL GARCÍA ESCÁMEZ,   5,11008,12
11000090021500006,CADIZ,CALLE,GENERAL GARCÍA ESCÁMEZ,   6,11008,9
11000090021900001,CADIZ,CALLE,GENERAL MUÑOZ ARENILLAS,   1,11009,11
11000090021900002,CADIZ,CALLE,GENERAL MUÑOZ ARENILLAS,   2,11009,62
11000090021900003,CADIZ,CALLE,GENERAL MUÑOZ ARENILLAS,   3,11009,1
11000090021900004,CADIZ,CALLE,GENERAL MUÑOZ ARENILLAS,   4,11009,71
11000090021900005,CADIZ,CALLE,GENERAL MUÑOZ ARENILLAS,   5,11009,21
11000090021900006,CADIZ,CALLE,GENERAL MUÑOZ ARENILLAS,   6,11009,58
11000090021900009,CADIZ,CALLE,GENERAL MUÑOZ ARENILLAS,   9,11009,24
11000090022000001,CADIZ,CALLE,GENERAL RICARDOS,   1,11007,3
11000090022000003,CADIZ,CALLE,GENERAL RICARDOS,   3,11007,2
11000090022900001,CADIZ,CALLE,GITANILLA DEL CARMELO,   1,11012,8
11000090022900002,CADIZ,CALLE,GITANILLA DEL CARMELO,   2,11012,8
11000090022900003,CADIZ,CALLE,GITANILLA DEL CARMELO,   3,11012,8
11000090022900004,CADIZ,CALLE,GITANILLA DEL CARMELO,   4,11012,8
11000090022900006,CADIZ,CALLE,GITANILLA DEL CARMELO,   6,11012,8
11000090022900008,CADIZ,CALLE,GITANILLA DEL CARMELO,   8,11012,8
11000090022900010,CADIZ,CALLE,GITANILLA DEL CARMELO,  10,11012,8
11000090023200001,CADIZ,CALLE,GONZÁLEZ DEL CASTILLO,   1,11008,9
11000090023200003,CADIZ,CALLE,GONZÁLEZ DEL CASTILLO,   3,11008,8
11000090023200004,CADIZ,CALLE,GONZÁLEZ DEL CASTILLO,   4,11008,10
11000090023200005,CADIZ,CALLE,GONZÁLEZ DEL CASTILLO,   5,11008,9
11000090023200006,CADIZ,CALLE,GONZÁLEZ DEL CASTILLO,   6,11008,10
11000090023500004,CADIZ,CALLE,GOYA,   4,11010,40
11000090023500006,CADIZ,CALLE,GOYA,   6,11010,38
11000090023500008,CADIZ,CALLE,GOYA,   8,11010,40
11000090023500013,CADIZ,CALLE,GOYA,  13,11010,39
11000090023500015,CADIZ,CALLE,GOYA,  15,11010,38
11000090023500017,CADIZ,CALLE,GOYA,  17,11010,40
11000090023500019,CADIZ,CALLE,GOYA,  19,11010,40
11000090023500023,CADIZ,CALLE,GOYA,  23,11010,42
11000090023600002,CADIZ,CALLE,GRANJA SAN ILDEFONSO,   2,11006,19
11000090023600003,CADIZ,CALLE,GRANJA SAN ILDEFONSO,   3,11007,19
11000090023600005,CADIZ,CALLE,GRANJA SAN ILDEFONSO,   5,11007,106
11000090023600006,CADIZ,CALLE,GRANJA SAN ILDEFONSO,   6,11006,19
11000090023800001,CADIZ,CALLE,GRAZALEMA,   1,11012,10
11000090023800002,CADIZ,CALLE,GRAZALEMA,   2,11012,20
11000090023800004,CADIZ,CALLE,GRAZALEMA,   4,11012,15
11000090023800006,CADIZ,CALLE,GRAZALEMA,   6,11012,15
11000090023800008,CADIZ,CALLE,GRAZALEMA,   8,11012,14
11000090024100001,CADIZ,AVENIDA,GUADALQUIVIR,   1,11012,8
11000090024100002,CADIZ,AVENIDA,GUADALQUIVIR,   2,11012,9
11000090024100003,CADIZ,AVENIDA,GUADALQUIVIR,   3,11012,8
11000090024100004,CADIZ,AVENIDA,GUADALQUIVIR,   4,11012,8
11000090024100005,CADIZ,AVENIDA,GUADALQUIVIR,   5,11012,8
11000090024100006,CADIZ,AVENIDA,GUADALQUIVIR,   6,11012,9
11000090024100007,CADIZ,AVENIDA,GUADALQUIVIR,   7,11012,10
11000090024100008,CADIZ,AVENIDA,GUADALQUIVIR,   8,11012,9
11000090024100009,CADIZ,AVENIDA,GUADALQUIVIR,   9,11012,8
11000090024100010,CADIZ,AVENIDA,GUADALQUIVIR,  10,11012,8
11000090024100011,CADIZ,AVENIDA,GUADALQUIVIR,  11,11012,46
11000090024100012,CADIZ,AVENIDA,GUADALQUIVIR,  12,11012,8
11000090024100014,CADIZ,AVENIDA,GUADALQUIVIR,  14,11012,9
11000090024100018,CADIZ,AVENIDA,GUADALQUIVIR,  18,11012,9
11000090024100019,CADIZ,AVENIDA,GUADALQUIVIR,  19,11012,52
11000090024100020,CADIZ,AVENIDA,GUADALQUIVIR,  20,11012,30
11000090024100021,CADIZ,AVENIDA,GUADALQUIVIR,  21,11012,48
11000090024100022,CADIZ,AVENIDA,GUADALQUIVIR,  22,11012,48
11000090024100023,CADIZ,AVENIDA,GUADALQUIVIR,  23,11012,63
11000090024100024,CADIZ,AVENIDA,GUADALQUIVIR,  24,11012,48
11000090024100025,CADIZ,AVENIDA,GUADALQUIVIR,  25,11012,29
11000090024100026,CADIZ,AVENIDA,GUADALQUIVIR,  26,11012,48
11000090024100028,CADIZ,AVENIDA,GUADALQUIVIR,  28,11012,48
11000090024100030,CADIZ,AVENIDA,GUADALQUIVIR,  30,11012,12
11000090024100032,CADIZ,AVENIDA,GUADALQUIVIR,  32,11012,12
11000090024300052,CADIZ,CALLE,GUADIARO,  52,11012,10
11000090024300053,CADIZ,CALLE,GUADIARO,  53,11012,10
11000090024300054,CADIZ,CALLE,GUADIARO,  54,11012,10
11000090024400001,CADIZ,CALLE,GUADIX,   1,11006,22
11000090024400003,CADIZ,CALLE,GUADIX,   3,11006,22
11000090024400005,CADIZ,CALLE,GUADIX,   5,11006,22
11000090024900001,CADIZ,CALLE,HERMANOS ORTIZ ECHAGÜE,   1,11011,20
11000090024900002,CADIZ,CALLE,HERMANOS ORTIZ ECHAGÜE,   2,11011,20
11000090024900003,CADIZ,CALLE,HERMANOS ORTIZ ECHAGÜE,   3,11011,20
11000090024900004,CADIZ,CALLE,HERMANOS ORTIZ ECHAGÜE,   4,11011,20
11000090024900005,CADIZ,CALLE,HERMANOS ORTIZ ECHAGÜE,   5,11011,20
11000090024900006,CADIZ,CALLE,HERMANOS ORTIZ ECHAGÜE,   6,11011,20
11000090024900007,CADIZ,CALLE,HERMANOS ORTIZ ECHAGÜE,   7,11011,20
11000090024900008,CADIZ,CALLE,HERMANOS ORTIZ ECHAGÜE,   8,11011,20
11000090024900009,CADIZ,CALLE,HERMANOS ORTIZ ECHAGÜE,   9,11011,20
11000090024900010,CADIZ,CALLE,HERMANOS ORTIZ ECHAGÜE,  10,11011,20
11000090024900012,CADIZ,CALLE,HERMANOS ORTIZ ECHAGÜE,  12,11011,20
11000090024900014,CADIZ,CALLE,HERMANOS ORTIZ ECHAGÜE,  14,11011,20
11000090025000001,CADIZ,CALLE,HÉROES DE LA AVIACIÓN ESPAÑOLA,   1,11011,20
11000090025000003,CADIZ,CALLE,HÉROES DE LA AVIACIÓN ESPAÑOLA,   3,11011,20
11000090025000005,CADIZ,CALLE,HÉROES DE LA AVIACIÓN ESPAÑOLA,   5,11011,20
11000090025000007,CADIZ,CALLE,HÉROES DE LA AVIACIÓN ESPAÑOLA,   7,11011,20
11000090025000009,CADIZ,CALLE,HÉROES DE LA AVIACIÓN ESPAÑOLA,   9,11011,20
11000090025100001,CADIZ,CALLE,HIBISCOS,   1,11007,25
11000090025100002,CADIZ,CALLE,HIBISCOS,   2,11007,17
11000090025100003,CADIZ,CALLE,HIBISCOS,   3,11007,16
11000090025100005,CADIZ,CALLE,HIBISCOS,   5,11007,61
11000090025100008,CADIZ,CALLE,HIBISCOS,   8,11007,20
11000090025100009,CADIZ,CALLE,HIBISCOS,   9,11007,10
11000090025100010,CADIZ,CALLE,HIBISCOS,  10,11007,7
11000090025800003,CADIZ,CALLE,HUERTA DEL OBISPO,   3,11008,18
11000090025800006,CADIZ,CALLE,HUERTA DEL OBISPO,   6,11008,11
11000090025800007,CADIZ,CALLE,HUERTA DEL OBISPO,   7,11008,28
11000090025800012,CADIZ,CALLE,HUERTA DEL OBISPO,  12,11008,10
11000090025800014,CADIZ,CALLE,HUERTA DEL OBISPO,  14,11008,10
11000090025800016,CADIZ,CALLE,HUERTA DEL OBISPO,  16,11008,9
11000090025800018,CADIZ,CALLE,HUERTA DEL OBISPO,  18,11008,9
11000090025800021,CADIZ,CALLE,HUERTA DEL OBISPO,  21,11008,10
11000090026000001,CADIZ,CALLE,INFANTE DE ORLEANS,   1,11011,20
11000090026000002,CADIZ,CALLE,INFANTE DE ORLEANS,   2,11011,78
11000090026000003,CADIZ,CALLE,INFANTE DE ORLEANS,   3,11011,20
11000090026000004,CADIZ,CALLE,INFANTE DE ORLEANS,   4,11011,80
11000090026000005,CADIZ,CALLE,INFANTE DE ORLEANS,   5,11011,20
11000090026000006,CADIZ,CALLE,INFANTE DE ORLEANS,   6,11011,8
11000090026000007,CADIZ,CALLE,INFANTE DE ORLEANS,   7,11011,20
11000090026000009,CADIZ,CALLE,INFANTE DE ORLEANS,   9,11011,20
11000090026100001,CADIZ,GLORIETA,INGENIERO LA CIERVA,   1,11010,66
11000090026100004,CADIZ,GLORIETA,INGENIERO LA CIERVA,   4,11010,73
11000090026400002,CADIZ,CALLE,JACINTOS,   2,11007,9
11000090026900001,CADIZ,CALLE,JESÚS DE LA PAZ,   1,11009,34
11000090026900002,CADIZ,CALLE,JESÚS DE LA PAZ,   2,11009,32
11000090027600001,CADIZ,CALLE,JOSÉ GARCÍA AGULLÓ,   1,11010,108
11000090027800002,CADIZ,AVENIDA,JOSÉ LEÓN DE CARRANZA,   2,11011,105
11000090027800004,CADIZ,AVENIDA,JOSÉ LEÓN DE CARRANZA,   4,11011,215
11000090027800005,CADIZ,AVENIDA,JOSÉ LEÓN DE CARRANZA,   5,11011,45
11000090027800006,CADIZ,AVENIDA,JOSÉ LEÓN DE CARRANZA,   6,11011,30
11000090027800007,CADIZ,AVENIDA,JOSÉ LEÓN DE CARRANZA,   7,11011,9
11000090027800009,CADIZ,AVENIDA,JOSÉ LEÓN DE CARRANZA,   9,11011,10
11000090027800010,CADIZ,AVENIDA,JOSÉ LEÓN DE CARRANZA,  10,11011,54
11000090027800011,CADIZ,AVENIDA,JOSÉ LEÓN DE CARRANZA,  11,11011,9
11000090027800012,CADIZ,AVENIDA,JOSÉ LEÓN DE CARRANZA,  12,11011,53
11000090027800013,CADIZ,AVENIDA,JOSÉ LEÓN DE CARRANZA,  13,11011,9
11000090027800014,CADIZ,AVENIDA,JOSÉ LEÓN DE CARRANZA,  14,11011,53
11000090027800015,CADIZ,AVENIDA,JOSÉ LEÓN DE CARRANZA,  15,11011,9
11000090027800016,CADIZ,AVENIDA,JOSÉ LEÓN DE CARRANZA,  16,11011,53
11000090027800017,CADIZ,AVENIDA,JOSÉ LEÓN DE CARRANZA,  17,11011,9
11000090027800018,CADIZ,AVENIDA,JOSÉ LEÓN DE CARRANZA,  18,11011,146
11000090027800019,CADIZ,AVENIDA,JOSÉ LEÓN DE CARRANZA,  19,11011,44
11000090027800020,CADIZ,AVENIDA,JOSÉ LEÓN DE CARRANZA,  20,11011,136
11000090027800022,CADIZ,AVENIDA,JOSÉ LEÓN DE CARRANZA,  22,11011,2
11000090027800026,CADIZ,AVENIDA,JOSÉ LEÓN DE CARRANZA,  26,11011,59
11000090028300001,CADIZ,CALLE,JUAN DE LA COSA,   1,11011,8
11000090028300002,CADIZ,CALLE,JUAN DE LA COSA,   2,11011,8
11000090028300003,CADIZ,CALLE,JUAN DE LA COSA,   3,11011,8
11000090028300004,CADIZ,CALLE,JUAN DE LA COSA,   4,11011,8
11000090028300005,CADIZ,CALLE,JUAN DE LA COSA,   5,11011,8
11000090028300006,CADIZ,CALLE,JUAN DE LA COSA,   6,11011,8
11000090028300007,CADIZ,CALLE,JUAN DE LA COSA,   7,11011,8
11000090028300008,CADIZ,CALLE,JUAN DE LA COSA,   8,11011,9
11000090028300009,CADIZ,CALLE,JUAN DE LA COSA,   9,11011,8
11000090028300010,CADIZ,CALLE,JUAN DE LA COSA,  10,11011,8
11000090028300011,CADIZ,CALLE,JUAN DE LA COSA,  11,11011,8
11000090028300012,CADIZ,CALLE,JUAN DE LA COSA,  12,11011,8
11000090028400001,CADIZ,CALLE,JUAN RAMÓN JIMÉNEZ,   1,11006,12
11000090028400002,CADIZ,CALLE,JUAN RAMÓN JIMÉNEZ,   2,11006,15
11000090028400003,CADIZ,CALLE,JUAN RAMÓN JIMÉNEZ,   3,11006,1
11000090028400004,CADIZ,CALLE,JUAN RAMÓN JIMÉNEZ,   4,11006,19
11000090028400008,CADIZ,CALLE,JUAN RAMÓN JIMÉNEZ,   8,11006,1
11000090028400010,CADIZ,CALLE,JUAN RAMÓN JIMÉNEZ,  10,11006,1
11000090028500001,CADIZ,CALLE,JUAN ROMERO,   1,11011,7
11000090028500003,CADIZ,CALLE,JUAN ROMERO,   3,11011,10
11000090028500005,CADIZ,CALLE,JUAN ROMERO,   5,11011,10
11000090028500007,CADIZ,CALLE,JUAN ROMERO,   7,11011,10
11000090028500009,CADIZ,CALLE,JUAN ROMERO,   9,11011,10
11000090028600001,CADIZ,CALLE,JUAN SEBASTIÁN ELCANO,   1,11011,16
11000090028600002,CADIZ,CALLE,JUAN SEBASTIÁN ELCANO,   2,11011,16
11000090028800001,CADIZ,CALLE,JULIO RICO DE SANZ,   1,11000,53
11000090028800003,CADIZ,CALLE,JULIO RICO DE SANZ,   3,11000,39
11000090028900001,CADIZ,CALLE,JULIO ROMERO DE TORRES,   1,11000,21
11000090028900003,CADIZ,CALLE,JULIO ROMERO DE TORRES,   3,11000,20
11000090029000009,CADIZ,CALLE,PARLAMENTO,   9,11008,27
11000090029000010,CADIZ,CALLE,PARLAMENTO,  10,11008,6
11000090029000011,CADIZ,CALLE,PARLAMENTO,  11,11008,17
11000090029000013,CADIZ,CALLE,PARLAMENTO,  13,11008,20
11000090029000014,CADIZ,CALLE,PARLAMENTO,  14,11008,22
11000090029000015,CADIZ,CALLE,PARLAMENTO,  15,11008,10
11000090029000016,CADIZ,CALLE,PARLAMENTO,  16,11008,26
11000090029000017,CADIZ,CALLE,PARLAMENTO,  17,11008,10
11000090029000018,CADIZ,CALLE,PARLAMENTO,  18,11008,28
11000090029000019,CADIZ,CALLE,PARLAMENTO,  19,11008,10
11000090029000020,CADIZ,CALLE,PARLAMENTO,  20,11008,28
11000090029000021,CADIZ,CALLE,PARLAMENTO,  21,11008,10
11000090029000022,CADIZ,CALLE,PARLAMENTO,  22,11008,8
11000090029000023,CADIZ,CALLE,PARLAMENTO,  23,11008,9
11000090029000024,CADIZ,CALLE,PARLAMENTO,  24,11008,18
11000090029000025,CADIZ,CALLE,PARLAMENTO,  25,11008,10
11000090029300001,CADIZ,CALLE,ALEGRÍA,   1,11009,106
11000090029300002,CADIZ,CALLE,ALEGRÍA,   2,11009,41
11000090029300003,CADIZ,CALLE,ALEGRÍA,   3,11009,14
11000090029400078,CADIZ,PLAZA,DE LA BARROSA,  78,11012,10
11000090029400079,CADIZ,PLAZA,DE LA BARROSA,  79,11012,10
11000090029400080,CADIZ,PLAZA,DE LA BARROSA,  80,11012,10
11000090029500001,CADIZ,CALLE,BULERÍA,   1,11009,6
11000090029500002,CADIZ,CALLE,BULERÍA,   2,11009,6
11000090029500003,CADIZ,CALLE,BULERÍA,   3,11009,6
11000090029500004,CADIZ,CALLE,BULERÍA,   4,11009,6
11000090029500005,CADIZ,CALLE,BULERÍA,   5,11009,6
11000090029500006,CADIZ,CALLE,BULERÍA,   6,11009,6
11000090029700001,CADIZ,CALLE,LA VIDA BREVE,   1,11000,10
11000090029700003,CADIZ,CALLE,LA VIDA BREVE,   3,11000,10
11000090029800003,CADIZ,AVENIDA,LACAVE,   3,11012,65
11000090029800004,CADIZ,AVENIDA,LACAVE,   4,11012,34
11000090029800006,CADIZ,AVENIDA,LACAVE,   6,11012,15
11000090029800008,CADIZ,AVENIDA,LACAVE,   8,11012,15
11000090029800010,CADIZ,AVENIDA,LACAVE,  10,11012,10
11000090029900002,CADIZ,CALLE,SIRENAS,   2,11011,39
11000090029900003,CADIZ,CALLE,SIRENAS,   3,11011,24
11000090030200002,CADIZ,CALLE,LEPANTO,   2,11012,24
11000090030600001,CADIZ,PLAZA,LISBOA,   1,11008,10
11000090030600002,CADIZ,PLAZA,LISBOA,   2,11008,10
11000090031400002,CADIZ,PLAZA,MADRID,   2,11010,36
11000090031400003,CADIZ,PLAZA,MADRID,   3,11010,68
11000090031400004,CADIZ,PLAZA,MADRID,   4,11010,56
11000090031409999,CADIZ,PLAZA,MADRID,9999,11010,3
11000090031900002,CADIZ,AVENIDA,MARCONI,   2,11009,23
11000090031900005,CADIZ,AVENIDA,MARCONI,   5,11009,24
11000090031900006,CADIZ,AVENIDA,MARCONI,   6,11009,15
11000090031900008,CADIZ,AVENIDA,MARCONI,   8,11009,14
11000090031900014,CADIZ,AVENIDA,MARCONI,  14,11009,20
11000090031900016,CADIZ,AVENIDA,MARCONI,  16,11009,20
11000090031900018,CADIZ,AVENIDA,MARCONI,  18,11009,6
11000090031900020,CADIZ,AVENIDA,MARCONI,  20,11009,8
11000090031900022,CADIZ,AVENIDA,MARCONI,  22,11009,8
11000090031900024,CADIZ,AVENIDA,MARCONI,  24,11009,8
11000090031900026,CADIZ,AVENIDA,MARCONI,  26,11009,12
11000090031900028,CADIZ,AVENIDA,MARCONI,  28,11010,12
11000090031900030,CADIZ,AVENIDA,MARCONI,  30,11010,10
11000090031900032,CADIZ,AVENIDA,MARCONI,  32,11010,10
11000090032100003,CADIZ,AVENIDA,MARÍA AUXILIADORA,   3,11009,7
11000090032100005,CADIZ,AVENIDA,MARÍA AUXILIADORA,   5,11009,17
11000090032100006,CADIZ,AVENIDA,MARÍA AUXILIADORA,   6,11009,49
11000090032300002,CADIZ,CALLE,MARIANISTA CUBILLO,   2,11008,20
11000090032300003,CADIZ,CALLE,MARIANISTA CUBILLO,   3,11008,22
11000090032300005,CADIZ,CALLE,MARIANISTA CUBILLO,   5,11008,3
11000090032300007,CADIZ,CALLE,MARIANISTA CUBILLO,   7,11008,52
11000090032400003,CADIZ,AVENIDA,MARINA,   3,11007,17
11000090032400005,CADIZ,AVENIDA,MARINA,   5,11007,17
11000090032400007,CADIZ,AVENIDA,MARINA,   7,11007,10
11000090032400009,CADIZ,AVENIDA,MARINA,   9,11007,10
11000090032400011,CADIZ,AVENIDA,MARINA,  11,11007,7
11000090032400012,CADIZ,AVENIDA,MARINA,  12,11007,14
11000090032400013,CADIZ,AVENIDA,MARINA,  13,11007,1
11000090032400014,CADIZ,AVENIDA,MARINA,  14,11007,16
11000090032400015,CADIZ,AVENIDA,MARINA,  15,11007,11
11000090032400016,CADIZ,AVENIDA,MARINA,  16,11007,16
11000090032500001,CADIZ,PASEO,MARÍTIMO,   1,11010,78
11000090032500002,CADIZ,PASEO,MARÍTIMO,   2,11010,76
11000090032500005,CADIZ,PASEO,MARÍTIMO,   5,11010,8
11000090032500011,CADIZ,PASEO,MARÍTIMO,  11,11010,58
11000090032500012,CADIZ,PASEO,MARÍTIMO,  12,11010,42
11000090032500014,CADIZ,PASEO,MARÍTIMO,  14,11010,38
11000090032500015,CADIZ,PASEO,MARÍTIMO,  15,11010,14
11000090032500019,CADIZ,PASEO,MARÍTIMO,  19,11011,43
11000090032500021,CADIZ,PASEO,MARÍTIMO,  21,11010,7
11000090032500023,CADIZ,PASEO,MARÍTIMO,  23,11011,58
11000090032500024,CADIZ,PASEO,MARÍTIMO,  24,11011,29
11000090032500025,CADIZ,PASEO,MARÍTIMO,  25,11011,29
11000090032500026,CADIZ,PASEO,MARÍTIMO,  26,11011,59
11000090032500028,CADIZ,PASEO,MARÍTIMO,  28,11011,57
11000090032500029,CADIZ,PASEO,MARÍTIMO,  29,11011,93
11000090032500030,CADIZ,PASEO,MARÍTIMO,  30,11011,140
11000090032800001,CADIZ,CALLE,MARQUÉS DE CROPANI,   1,11009,21
11000090032800003,CADIZ,CALLE,MARQUÉS DE CROPANI,   3,11008,10
11000090033400005,CADIZ,CALLE,MEDINA SIDONIA,   5,11012,23
11000090033400009,CADIZ,CALLE,MEDINA SIDONIA,   9,11012,34
11000090033400011,CADIZ,CALLE,MEDINA SIDONIA,  11,11012,20
11000090033400013,CADIZ,CALLE,MEDINA SIDONIA,  13,11012,23
11000090033400015,CADIZ,CALLE,MEDINA SIDONIA,  15,11012,45
11000090033400017,CADIZ,CALLE,MEDINA SIDONIA,  17,11012,45
11000090033400019,CADIZ,CALLE,MEDINA SIDONIA,  19,11012,46
11000090033400021,CADIZ,CALLE,MEDINA SIDONIA,  21,11012,9
11000090033400023,CADIZ,CALLE,MEDINA SIDONIA,  23,11012,18
11000090034800002,CADIZ,CALLE,MIRAMAR,   2,11010,41
11000090034800004,CADIZ,CALLE,MIRAMAR,   4,11010,38
11000090034800006,CADIZ,CALLE,MIRAMAR,   6,11010,37
11000090034900001,CADIZ,CALLE,MOJARRA,   1,11011,33
11000090034900004,CADIZ,CALLE,MOJARRA,   4,11011,20
11000090036500017,CADIZ,CALLE,MURILLO,  17,11010,15
11000090036500023,CADIZ,CALLE,MURILLO,  23,11010,20
11000090036500029,CADIZ,CALLE,MURILLO,  29,11010,12
11000090036500031,CADIZ,CALLE,MURILLO,  31,11010,11
11000090036500033,CADIZ,CALLE,MURILLO,  33,11010,10
11000090036500035,CADIZ,CALLE,MURILLO,  35,11010,14
11000090036800001,CADIZ,CALLE,NEPTUNO,   1,11011,19
11000090036800003,CADIZ,CALLE,NEPTUNO,   3,11011,20
11000090036800005,CADIZ,CALLE,NEPTUNO,   5,11011,21
11000090036800006,CADIZ,CALLE,NEPTUNO,   6,11011,23
11000090036800007,CADIZ,CALLE,NEPTUNO,   7,11011,20
11000090036900001,CADIZ,CALLE,NEREIDAS,   1,11011,40
11000090036900003,CADIZ,CALLE,NEREIDAS,   3,11011,39
11000090037400002,CADIZ,CALLE,NUEVA DE PUNTALES,   2,11011,20
11000090038100001,CADIZ,CALLE,OPORTO,   1,11008,10
11000090038100003,CADIZ,CALLE,OPORTO,   3,11008,10
11000090038400004,CADIZ,CALLE,PADRE JERÓNIMO DE LA CONCEPCIÓN,   4,11000,8
11000090039700001,CADIZ,CALLE,PEREIRA,   1,11009,10
11000090039700002,CADIZ,CALLE,PEREIRA,   2,11009,23
11000090039700003,CADIZ,CALLE,PEREIRA,   3,11009,11
11000090039700004,CADIZ,CALLE,PEREIRA,   4,11009,19
11000090039700005,CADIZ,CALLE,PEREIRA,   5,11009,10
11000090039700006,CADIZ,CALLE,PEREIRA,   6,11009,23
11000090040000002,CADIZ,CALLE,PERIODISTA FEDERICO JOLY,   2,11000,8
11000090040000003,CADIZ,CALLE,PERIODISTA FEDERICO JOLY,   3,11000,23
11000090040000004,CADIZ,CALLE,PERIODISTA FEDERICO JOLY,   4,11000,8
11000090040000006,CADIZ,CALLE,PERIODISTA FEDERICO JOLY,   6,11000,8
11000090040100006,CADIZ,AVENIDA,DEL PERÚ,   6,11007,33
11000090040100008,CADIZ,AVENIDA,DEL PERÚ,   8,11007,49
11000090040100010,CADIZ,AVENIDA,DEL PERÚ,  10,11007,34
11000090040100012,CADIZ,AVENIDA,DEL PERÚ,  12,11007,17
11000090040100014,CADIZ,AVENIDA,DEL PERÚ,  14,11007,17
11000090040100016,CADIZ,AVENIDA,DEL PERÚ,  16,11007,17
11000090040100022,CADIZ,AVENIDA,DEL PERÚ,  22,11012,13
11000090040100024,CADIZ,AVENIDA,DEL PERÚ,  24,11012,14
11000090040100026,CADIZ,AVENIDA,DEL PERÚ,  26,11012,14
11000090040100028,CADIZ,AVENIDA,DEL PERÚ,  28,11012,11
11000090040100032,CADIZ,AVENIDA,DEL PERÚ,  32,11012,11
11000090040100034,CADIZ,AVENIDA,DEL PERÚ,  34,11012,13
11000090040200002,CADIZ,CALLE,PINTOR CLEMENTE DE TORRES,   2,11010,43
11000090040200003,CADIZ,CALLE,PINTOR CLEMENTE DE TORRES,   3,11010,41
11000090040200005,CADIZ,CALLE,PINTOR CLEMENTE DE TORRES,   5,11010,39
11000090040200007,CADIZ,CALLE,PINTOR CLEMENTE DE TORRES,   7,11010,39
11000090040300001,CADIZ,CALLE,PINTOR GODOY,   1,11010,57
11000090040300002,CADIZ,CALLE,PINTOR GODOY,   2,11010,65
11000090040400001,CADIZ,Pasaje,PABLO RUIZ PICASSO,   1,11009,36
11000090040400002,CADIZ,Pasaje,PABLO RUIZ PICASSO,   2,11009,44
11000090040400003,CADIZ,Pasaje,PABLO RUIZ PICASSO,   3,11009,24
11000090040400004,CADIZ,Pasaje,PABLO RUIZ PICASSO,   4,11009,53
11000090040600001,CADIZ,CALLE,PINTOR VINIEGRA,   1,11007,12
11000090040600002,CADIZ,CALLE,PINTOR VINIEGRA,   2,11007,50
11000090040600004,CADIZ,CALLE,PINTOR VINIEGRA,   4,11007,50
11000090040600006,CADIZ,CALLE,PINTOR VINIEGRA,   6,11007,12
11000090040700012,CADIZ,CALLE,PINTOR ZULOAGA,  12,11010,24
11000090040700014,CADIZ,CALLE,PINTOR ZULOAGA,  14,11010,24
11000090040700019,CADIZ,CALLE,PINTOR ZULOAGA,  19,11010,35
11000090040700020,CADIZ,CALLE,PINTOR ZULOAGA,  20,11010,20
11000090040700021,CADIZ,CALLE,PINTOR ZULOAGA,  21,11010,8
11000090040700025,CADIZ,CALLE,PINTOR ZULOAGA,  25,11010,30
11000090040700027,CADIZ,CALLE,PINTOR ZULOAGA,  27,11010,29
11000090040700029,CADIZ,CALLE,PINTOR ZULOAGA,  29,11010,42
11000090040700031,CADIZ,CALLE,PINTOR ZULOAGA,  31,11010,57
11000090040700033,CADIZ,CALLE,PINTOR ZULOAGA,  33,11010,40
11000090040700035,CADIZ,CALLE,PINTOR ZULOAGA,  35,11010,28
11000090041100001,CADIZ,CALLE,PLUS ULTRA,   1,11011,40
11000090041100003,CADIZ,CALLE,PLUS ULTRA,   3,11011,40
11000090041100005,CADIZ,CALLE,PLUS ULTRA,   5,11011,40
11000090041100007,CADIZ,CALLE,PLUS ULTRA,   7,11011,40
11000090041100009,CADIZ,CALLE,PLUS ULTRA,   9,11011,40
11000090041100011,CADIZ,CALLE,PLUS ULTRA,  11,11011,40
11000090041100013,CADIZ,CALLE,PLUS ULTRA,  13,11011,40
11000090041100015,CADIZ,CALLE,PLUS ULTRA,  15,11011,40
11000090041100017,CADIZ,CALLE,PLUS ULTRA,  17,11011,40
11000090041200001,CADIZ,CALLE,POETA AYROLO,   1,11008,9
11000090041200002,CADIZ,CALLE,POETA AYROLO,   2,11008,8
11000090041200003,CADIZ,CALLE,POETA AYROLO,   3,11008,8
11000090041200004,CADIZ,CALLE,POETA AYROLO,   4,11008,8
11000090041200005,CADIZ,CALLE,POETA AYROLO,   5,11008,8
11000090041400001,CADIZ,CALLE,POETA NIETO,   1,11009,83
11000090041400003,CADIZ,CALLE,POETA NIETO,   3,11009,8
11000090041400005,CADIZ,CALLE,POETA NIETO,   5,11009,18
11000090041400007,CADIZ,CALLE,POETA NIETO,   7,11008,11
11000090041600001,CADIZ,PLAZA,DE LOS PORCHES,   1,11009,62
11000090041600002,CADIZ,PLAZA,DE LOS PORCHES,   2,11009,61
11000090041600003,CADIZ,PLAZA,DE LOS PORCHES,   3,11009,41
11000090041600004,CADIZ,PLAZA,DE LOS PORCHES,   4,11009,21
11000090041600005,CADIZ,PLAZA,DE LOS PORCHES,   5,11009,33
11000090041600006,CADIZ,PLAZA,DE LOS PORCHES,   6,11009,31
11000090041900001,CADIZ,AVENIDA,PORTUGAL,   1,11008,28
11000090041900006,CADIZ,AVENIDA,PORTUGAL,   6,11008,21
11000090041900007,CADIZ,AVENIDA,PORTUGAL,   7,11008,3
11000090041900008,CADIZ,AVENIDA,PORTUGAL,   8,11008,7
11000090041900010,CADIZ,AVENIDA,PORTUGAL,  10,11009,4
11000090041900011,CADIZ,AVENIDA,PORTUGAL,  11,11008,16
11000090041900013,CADIZ,AVENIDA,PORTUGAL,  13,11008,9
11000090041900014,CADIZ,AVENIDA,PORTUGAL,  14,11008,7
11000090041900015,CADIZ,AVENIDA,PORTUGAL,  15,11008,2
11000090041900017,CADIZ,AVENIDA,PORTUGAL,  17,11008,6
11000090041900019,CADIZ,AVENIDA,PORTUGAL,  19,11008,1
11000090041900020,CADIZ,AVENIDA,PORTUGAL,  20,11008,1
11000090041900022,CADIZ,AVENIDA,PORTUGAL,  22,11008,1
11000090041900023,CADIZ,AVENIDA,PORTUGAL,  23,11008,2
11000090041900024,CADIZ,AVENIDA,PORTUGAL,  24,11008,1
11000090041900025,CADIZ,AVENIDA,PORTUGAL,  25,11008,2
11000090041900026,CADIZ,AVENIDA,PORTUGAL,  26,11008,1
11000090041900027,CADIZ,AVENIDA,PORTUGAL,  27,11008,12
11000090041900028,CADIZ,AVENIDA,PORTUGAL,  28,11008,11
11000090041900030,CADIZ,AVENIDA,PORTUGAL,  30,11008,1
11000090041900032,CADIZ,AVENIDA,PORTUGAL,  32,11008,30
11000090041900034,CADIZ,AVENIDA,PORTUGAL,  34,11008,36
11000090041900037,CADIZ,AVENIDA,PORTUGAL,  37,11008,16
11000090041900043,CADIZ,AVENIDA,PORTUGAL,  43,11008,27
11000090041900045,CADIZ,AVENIDA,PORTUGAL,  45,11008,10
11000090041900047,CADIZ,AVENIDA,PORTUGAL,  47,11008,38
11000090041900057,CADIZ,AVENIDA,PORTUGAL,  57,11012,14
11000090041900059,CADIZ,AVENIDA,PORTUGAL,  59,11012,14
11000090041900061,CADIZ,AVENIDA,PORTUGAL,  61,11012,14
11000090042000001,CADIZ,CALLE,PORVENIR,   1,11000,50
11000090042000003,CADIZ,CALLE,PORVENIR,   3,11000,50
11000090042500001,CADIZ,PLAZA,PROFESOR MIGUEL MARTÍNEZ DEL CERRO,   1,11012,23
11000090042500002,CADIZ,PLAZA,PROFESOR MIGUEL MARTÍNEZ DEL CERRO,   2,11012,23
11000090042500003,CADIZ,PLAZA,PROFESOR MIGUEL MARTÍNEZ DEL CERRO,   3,11012,23
11000090042500004,CADIZ,PLAZA,PROFESOR MIGUEL MARTÍNEZ DEL CERRO,   4,11012,23
11000090042900002,CADIZ,CALLE,RAFAEL PICARDO O'LEARY,   2,11012,47
11000090042900015,CADIZ,CALLE,RAFAEL PICARDO O'LEARY,  15,11012,20
11000090042900017,CADIZ,CALLE,RAFAEL PICARDO O'LEARY,  17,11012,10
11000090043500002,CADIZ,CALLE,REAL,   2,11000,9
11000090043500004,CADIZ,CALLE,REAL,   4,11000,14
11000090043600001,CADIZ,CALLE,RECREO,   1,11008,3
11000090043600002,CADIZ,CALLE,RECREO,   2,11008,3
11000090043600004,CADIZ,CALLE,RECREO,   4,11008,10
11000090043600008,CADIZ,CALLE,RECREO,   8,11008,1
11000090043600010,CADIZ,CALLE,RECREO,  10,11008,1
11000090043600012,CADIZ,CALLE,RECREO,  12,11008,1
11000090043600013,CADIZ,CALLE,RECREO,  13,11008,2
11000090043600014,CADIZ,CALLE,RECREO,  14,11008,1
11000090043600015,CADIZ,CALLE,RECREO,  15,11008,2
11000090043600016,CADIZ,CALLE,RECREO,  16,11008,1
11000090043600017,CADIZ,CALLE,RECREO,  17,11008,3
11000090043600019,CADIZ,CALLE,RECREO,  19,11008,1
11000090043600021,CADIZ,CALLE,RECREO,  21,11008,2
11000090043600023,CADIZ,CALLE,RECREO,  23,11008,1
11000090043600026,CADIZ,CALLE,RECREO,  26,11008,2
11000090043600028,CADIZ,CALLE,RECREO,  28,11008,2
11000090043600030,CADIZ,CALLE,RECREO,  30,11008,2
11000090043600032,CADIZ,CALLE,RECREO,  32,11008,2
11000090045400001,CADIZ,CALLE,SALVADOR DEL MUNDO,   1,11009,72
11000090045400002,CADIZ,CALLE,SALVADOR DEL MUNDO,   2,11009,63
11000090045400003,CADIZ,CALLE,SALVADOR DEL MUNDO,   3,11009,63
11000090045900002,CADIZ,CALLE,SAN BARTOLOMÉ,   2,11008,3
11000090045900003,CADIZ,CALLE,SAN BARTOLOMÉ,   3,11008,7
11000090045900004,CADIZ,CALLE,SAN BARTOLOMÉ,   4,11008,1
11000090045900006,CADIZ,CALLE,SAN BARTOLOMÉ,   6,11008,1
11000090045900008,CADIZ,CALLE,SAN BARTOLOMÉ,   8,11008,1
11000090045900010,CADIZ,CALLE,SAN BARTOLOMÉ,  10,11008,1
11000090046800001,CADIZ,CALLE,SAN GABRIEL,   1,11009,19
11000090046800004,CADIZ,CALLE,SAN GABRIEL,   4,11009,24
11000090046800005,CADIZ,CALLE,SAN GABRIEL,   5,11009,24
11000090046800006,CADIZ,CALLE,SAN GABRIEL,   6,11009,15
11000090046800007,CADIZ,CALLE,SAN GABRIEL,   7,11009,17
11000090047200002,CADIZ,PLAZA,DE SAN JOSE,   2,11008,1
11000090047200003,CADIZ,PLAZA,DE SAN JOSE,   3,11008,3
11000090047400008,CADIZ,CALLE,SAN JUAN BAUTISTA,   8,11000,62
11000090047400010,CADIZ,CALLE,SAN JUAN BAUTISTA,  10,11000,10
11000090047400012,CADIZ,CALLE,SAN JUAN BAUTISTA,  12,11000,10
11000090047600001,CADIZ,CALLE,SAN JUAN BOSCO,   1,11008,18
11000090047600002,CADIZ,CALLE,SAN JUAN BOSCO,   2,11008,12
11000090047600003,CADIZ,CALLE,SAN JUAN BOSCO,   3,11008,104
11000090047600005,CADIZ,CALLE,SAN JUAN BOSCO,   5,11008,8
11000090048200001,CADIZ,PLAZA,SAN LORENZO DEL PUNTAL,   1,11011,14
11000090048200004,CADIZ,PLAZA,SAN LORENZO DEL PUNTAL,   4,11011,33
11000090048200005,CADIZ,PLAZA,SAN LORENZO DEL PUNTAL,   5,11011,33
11000090048300002,CADIZ,CALLE,SAN LUCAS,   2,11012,33
11000090048600001,CADIZ,CALLE,SAN MATEO,   1,11012,204
11000090049300001,CADIZ,CALLE,SAN SALVADOR,   1,11008,10
11000090049300003,CADIZ,CALLE,SAN SALVADOR,   3,11008,8
11000090049300004,CADIZ,CALLE,SAN SALVADOR,   4,11008,17
11000090049300005,CADIZ,CALLE,SAN SALVADOR,   5,11008,8
11000090049300006,CADIZ,CALLE,SAN SALVADOR,   6,11008,12
11000090049300007,CADIZ,CALLE,SAN SALVADOR,   7,11008,8
11000090049300011,CADIZ,CALLE,SAN SALVADOR,  11,11008,12
11000090049300013,CADIZ,CALLE,SAN SALVADOR,  13,11008,17
11000090049300015,CADIZ,CALLE,SAN SALVADOR,  15,11008,1
11000090049400001,CADIZ,AVENIDA,SAN SEVERIANO,   1,11007,26
11000090049400002,CADIZ,AVENIDA,SAN SEVERIANO,   2,11007,16
11000090049400003,CADIZ,AVENIDA,SAN SEVERIANO,   3,11007,26
11000090049400004,CADIZ,AVENIDA,SAN SEVERIANO,   4,11007,14
11000090049400006,CADIZ,AVENIDA,SAN SEVERIANO,   6,11007,16
11000090049400008,CADIZ,AVENIDA,SAN SEVERIANO,   8,11007,10
11000090049400012,CADIZ,AVENIDA,SAN SEVERIANO,  12,11007,10
11000090049400013,CADIZ,AVENIDA,SAN SEVERIANO,  13,11007,21
11000090049400014,CADIZ,AVENIDA,SAN SEVERIANO,  14,11007,10
11000090049400016,CADIZ,AVENIDA,SAN SEVERIANO,  16,11007,10
11000090049400022,CADIZ,AVENIDA,SAN SEVERIANO,  22,11012,11
11000090049400024,CADIZ,AVENIDA,SAN SEVERIANO,  24,11012,16
11000090049400026,CADIZ,AVENIDA,SAN SEVERIANO,  26,11012,15
11000090049400028,CADIZ,AVENIDA,SAN SEVERIANO,  28,11007,8
11000090049400030,CADIZ,AVENIDA,SAN SEVERIANO,  30,11007,9
11000090049400032,CADIZ,AVENIDA,SAN SEVERIANO,  32,11012,17
11000090049400033,CADIZ,AVENIDA,SAN SEVERIANO,  33,11007,18
11000090049400035,CADIZ,AVENIDA,SAN SEVERIANO,  35,11007,18
11000090049400037,CADIZ,AVENIDA,SAN SEVERIANO,  37,11007,16
11000090049400039,CADIZ,AVENIDA,SAN SEVERIANO,  39,11007,16
11000090049400041,CADIZ,AVENIDA,SAN SEVERIANO,  41,11007,33
11000090049400045,CADIZ,AVENIDA,SAN SEVERIANO,  45,11007,8
11000090049400047,CADIZ,AVENIDA,SAN SEVERIANO,  47,11012,49
11000090049500001,CADIZ,PLAZA,SAN SEVERIANO,   1,11007,70
11000090049500019,CADIZ,PLAZA,SAN SEVERIANO,  19,11000,10
11000090049800072,CADIZ,CALLE,SANTI PETRI,  72,11012,10
11000090049800073,CADIZ,CALLE,SANTI PETRI,  73,11012,10
11000090049800074,CADIZ,CALLE,SANTI PETRI,,11012,10
11000090049800075,CADIZ,CALLE,SANTI PETRI,,11012,10
11000090050100001,CADIZ,PLAZA,SANTA ANA,,11012,39
11000090050100002,CADIZ,PLAZA,SANTA ANA,,11012,14
11000090050100003,CADIZ,PLAZA,SANTA ANA,,11012,14
11000090050100004,CADIZ,PLAZA,SANTA ANA,,11012,13
11000090050100005,CADIZ,PLAZA,SANTA ANA,,11012,15
11000090050100006,CADIZ,PLAZA,SANTA ANA,,11012,14
11000090050100007,CADIZ,PLAZA,SANTA ANA,,11012,14
11000090050100008,CADIZ,PLAZA,SANTA ANA,,11012,17
11000090050300004,CADIZ,CALLE,SANTA CRUZ DE TENERIFE,,11007,12
11000090050300005,CADIZ,CALLE,SANTA CRUZ DE TENERIFE,,11007,67
11000090050300006,CADIZ,CALLE,SANTA CRUZ DE TENERIFE,,11007,11
11000090050300007,CADIZ,CALLE,SANTA CRUZ DE TENERIFE,,11007,16
11000090050300008,CADIZ,CALLE,SANTA CRUZ DE TENERIFE,,11007,10
11000090050300009,CADIZ,CALLE,SANTA CRUZ DE TENERIFE,,11007,5
11000090050300010,CADIZ,CALLE,SANTA CRUZ DE TENERIFE,,11007,24
11000090050300011,CADIZ,CALLE,SANTA CRUZ DE TENERIFE,,11007,12
11000090050600002,CADIZ,CALLE,SANTA FE,,11000,8
11000090051000002,CADIZ,CALLE,SANTA MARÍA DE LA CABEZA,,11007,6
11000090051000003,CADIZ,CALLE,SANTA MARÍA DE LA CABEZA,,11007,1
11000090051000004,CADIZ,CALLE,SANTA MARÍA DE LA CABEZA,,11007,10
11000090051000005,CADIZ,CALLE,SANTA MARÍA DE LA CABEZA,,11007,1
11000090051000006,CADIZ,CALLE,SANTA MARÍA DE LA CABEZA,,11007,9
11000090051000007,CADIZ,CALLE,SANTA MARÍA DE LA CABEZA,,11007,3
11000090051000008,CADIZ,CALLE,SANTA MARÍA DE LA CABEZA,,11007,26
11000090051000009,CADIZ,CALLE,SANTA MARÍA DE LA CABEZA,,11007,6
11000090051000010,CADIZ,CALLE,SANTA MARÍA DE LA CABEZA,,11007,23
11000090051000011,CADIZ,CALLE,SANTA MARÍA DE LA CABEZA,,11007,58
11000090051000012,CADIZ,CALLE,SANTA MARÍA DE LA CABEZA,,11007,15
11000090051000013,CADIZ,CALLE,SANTA MARÍA DE LA CABEZA,,11007,3
11000090051000014,CADIZ,CALLE,SANTA MARÍA DE LA CABEZA,,11007,11
11000090051000016,CADIZ,CALLE,SANTA MARÍA DE LA CABEZA,,11007,27
11000090051100001,CADIZ,CALLE,SANTA MARÍA DEL MAR,,11006,23
11000090051100003,CADIZ,CALLE,SANTA MARÍA DEL MAR,,11006,21
11000090051100004,CADIZ,CALLE,SANTA MARÍA DEL MAR,,11006,22
11000090051100005,CADIZ,CALLE,SANTA MARÍA DEL MAR,,11006,21
11000090051100006,CADIZ,CALLE,SANTA MARÍA DEL MAR,,11006,18
11000090051100008,CADIZ,CALLE,SANTA MARÍA DEL MAR,,11006,6
11000090051200005,CADIZ,CALLE,SANTA MARÍA SOLEDAD,,11006,12
11000090051200007,CADIZ,CALLE,SANTA MARÍA SOLEDAD,,11006,15
11000090051200008,CADIZ,CALLE,SANTA MARÍA SOLEDAD,,11006,10
11000090051200009,CADIZ,CALLE,SANTA MARÍA SOLEDAD,,11006,18
11000090051200011,CADIZ,CALLE,SANTA MARÍA SOLEDAD,,11006,36
11000090051200013,CADIZ,CALLE,SANTA MARÍA SOLEDAD,,11006,36
11000090051200015,CADIZ,CALLE,SANTA MARÍA SOLEDAD,,11006,1
11000090051400001,CADIZ,PLAZA,SANTA TERESA,,11000,11
11000090051400002,CADIZ,PLAZA,SANTA TERESA,,11000,10
11000090051400003,CADIZ,PLAZA,SANTA TERESA,,11000,10
11000090051400004,CADIZ,PLAZA,SANTA TERESA,,11000,10
11000090051400005,CADIZ,PLAZA,SANTA TERESA,,11000,15
11000090051400006,CADIZ,PLAZA,SANTA TERESA,,11000,10
11000090051400007,CADIZ,PLAZA,SANTA TERESA,,11000,15
11000090051400008,CADIZ,PLAZA,SANTA TERESA,,11000,15
11000090051500001,CADIZ,CALLE,SANTA TERESA DE JESÚS,,11010,10
11000090051500003,CADIZ,CALLE,SANTA TERESA DE JESÚS,,11010,10
11000090051500012,CADIZ,CALLE,SANTA TERESA DE JESÚS,,11010,13
11000090051500014,CADIZ,CALLE,SANTA TERESA DE JESÚS,,11010,23
11000090051500017,CADIZ,CALLE,SANTA TERESA DE JESÚS,,11010,14
11000090051500018,CADIZ,CALLE,SANTA TERESA DE JESÚS,,11010,20
11000090051500019,CADIZ,CALLE,SANTA TERESA DE JESÚS,,11010,14
11000090051500020,CADIZ,CALLE,SANTA TERESA DE JESÚS,,11010,20
11000090051500021,CADIZ,CALLE,SANTA TERESA DE JESÚS,,11010,18
11000090051500023,CADIZ,CALLE,SANTA TERESA DE JESÚS,,11010,51
11000090051500025,CADIZ,CALLE,SANTA TERESA DE JESÚS,,11010,10
11000090051900002,CADIZ,CALLE,SANTÍSIMO CRISTO DE LAS AGUAS,,11010,10
11000090051900004,CADIZ,CALLE,SANTÍSIMO CRISTO DE LAS AGUAS,,11010,10
11000090051900006,CADIZ,CALLE,SANTÍSIMO CRISTO DE LAS AGUAS,,11010,10
11000090051900008,CADIZ,CALLE,SANTÍSIMO CRISTO DE LAS AGUAS,,11010,12
11000090051900009,CADIZ,CALLE,SANTÍSIMO CRISTO DE LAS AGUAS,,11010,10
11000090052200001,CADIZ,CALLE,SANTO DOMINGO DE LA CALZADA,,11012,12
11000090052200002,CADIZ,CALLE,SANTO DOMINGO DE LA CALZADA,,11012,10
11000090052200003,CADIZ,CALLE,SANTO DOMINGO DE LA CALZADA,,11012,11
11000090052200004,CADIZ,CALLE,SANTO DOMINGO DE LA CALZADA,,11012,12
11000090052200005,CADIZ,CALLE,SANTO DOMINGO DE LA CALZADA,,11012,11
11000090052200006,CADIZ,CALLE,SANTO DOMINGO DE LA CALZADA,,11012,10
11000090052200007,CADIZ,CALLE,SANTO DOMINGO DE LA CALZADA,,11012,10
11000090052200011,CADIZ,CALLE,SANTO DOMINGO DE LA CALZADA,,11012,10
11000090052200012,CADIZ,CALLE,SANTO DOMINGO DE LA CALZADA,,11012,10
11000090052200013,CADIZ,CALLE,SANTO DOMINGO DE LA CALZADA,,11012,10
11000090052200014,CADIZ,CALLE,SANTO DOMINGO DE LA CALZADA,,11012,10
11000090052200018,CADIZ,CALLE,SANTO DOMINGO DE LA CALZADA,,11012,46
11000090052500002,CADIZ,AVENIDA,SEGUNDA AGUADA,,11012,136
11000090052500003,CADIZ,AVENIDA,SEGUNDA AGUADA,,11012,17
11000090052500004,CADIZ,AVENIDA,SEGUNDA AGUADA,,11012,55
11000090052500005,CADIZ,AVENIDA,SEGUNDA AGUADA,,11012,23
11000090052500006,CADIZ,AVENIDA,SEGUNDA AGUADA,,11012,54
11000090052500007,CADIZ,AVENIDA,SEGUNDA AGUADA,,11012,24
11000090052500008,CADIZ,AVENIDA,SEGUNDA AGUADA,,11012,54
11000090052500009,CADIZ,AVENIDA,SEGUNDA AGUADA,,11012,45
11000090052500010,CADIZ,AVENIDA,SEGUNDA AGUADA,,11012,53
11000090052500011,CADIZ,AVENIDA,SEGUNDA AGUADA,,11012,47
11000090052500012,CADIZ,AVENIDA,SEGUNDA AGUADA,,11012,53
11000090052500013,CADIZ,AVENIDA,SEGUNDA AGUADA,,11012,46
11000090052500014,CADIZ,AVENIDA,SEGUNDA AGUADA,,11012,52
11000090052500015,CADIZ,AVENIDA,SEGUNDA AGUADA,,11012,23
11000090052500016,CADIZ,AVENIDA,SEGUNDA AGUADA,,11012,52
11000090052500018,CADIZ,AVENIDA,SEGUNDA AGUADA,,11012,51
11000090052500019,CADIZ,AVENIDA,SEGUNDA AGUADA,,11012,30
11000090052500020,CADIZ,AVENIDA,SEGUNDA AGUADA,,11012,52
11000090052500021,CADIZ,AVENIDA,SEGUNDA AGUADA,,11012,62
11000090052500022,CADIZ,AVENIDA,SEGUNDA AGUADA,,11012,53
11000090052500023,CADIZ,AVENIDA,SEGUNDA AGUADA,,11012,8
11000090052500024,CADIZ,AVENIDA,SEGUNDA AGUADA,,11012,9
11000090052500025,CADIZ,AVENIDA,SEGUNDA AGUADA,,11012,8
11000090052500027,CADIZ,AVENIDA,SEGUNDA AGUADA,,11012,8
11000090052700001,CADIZ,CALLE,SETENIL DE LAS BODEGAS,,11012,13
11000090052700002,CADIZ,CALLE,SETENIL DE LAS BODEGAS,,11012,15
11000090053100001,CADIZ,CALLE,SOCIEDAD,,11008,29
11000090053100003,CADIZ,CALLE,SOCIEDAD,,11008,30
11000090053100010,CADIZ,CALLE,SOCIEDAD,,11008,17
11000090053100012,CADIZ,CALLE,SOCIEDAD,,11008,11
11000090053300002,CADIZ,CALLE,SOLEDAD,,11000,2
11000090053500001,CADIZ,CALLE,SOR CRISTINA LÓPEZ GARCÍA,,11012,36
11000090053500002,CADIZ,CALLE,SOR CRISTINA LÓPEZ GARCÍA,,11011,20
11000090053500003,CADIZ,CALLE,SOR CRISTINA LÓPEZ GARCÍA,,11012,15
11000090053500004,CADIZ,CALLE,SOR CRISTINA LÓPEZ GARCÍA,,11011,18
11000090053500005,CADIZ,CALLE,SOR CRISTINA LÓPEZ GARCÍA,,11012,15
11000090053500006,CADIZ,CALLE,SOR CRISTINA LÓPEZ GARCÍA,,11011,23
11000090053500007,CADIZ,CALLE,SOR CRISTINA LÓPEZ GARCÍA,,11011,35
11000090053600017,CADIZ,CALLE,SOROLLA,,11010,21
11000090053600018,CADIZ,CALLE,SOROLLA,,11010,36
11000090053600019,CADIZ,CALLE,SOROLLA,,11010,21
11000090053600020,CADIZ,CALLE,SOROLLA,,11010,36
11000090053600021,CADIZ,CALLE,SOROLLA,,11010,21
11000090053600023,CADIZ,CALLE,SOROLLA,,11010,23
11000090053600025,CADIZ,CALLE,SOROLLA,,11010,21
11000090053600027,CADIZ,CALLE,SOROLLA,,11010,22
11000090054000020,CADIZ,CALLE,TAMARINDOS,,11007,12
11000090054000023,CADIZ,CALLE,TAMARINDOS,,11007,6
11000090054200001,CADIZ,CALLE,TARSIS,,11009,35
11000090054600002,CADIZ,CALLE,TITANES,,11000,32
11000090054700003,CADIZ,CALLE,TOLOSA LATOUR,,11007,48
11000090054700005,CADIZ,CALLE,TOLOSA LATOUR,,11007,47
11000090054700006,CADIZ,CALLE,TOLOSA LATOUR,,11007,10
11000090054700007,CADIZ,CALLE,TOLOSA LATOUR,,11007,45
11000090054700008,CADIZ,CALLE,TOLOSA LATOUR,,11007,16
11000090054700009,CADIZ,CALLE,TOLOSA LATOUR,,11007,8
11000090054700011,CADIZ,CALLE,TOLOSA LATOUR,,11007,8
11000090054700013,CADIZ,CALLE,TOLOSA LATOUR,,11007,8
11000090054700015,CADIZ,CALLE,TOLOSA LATOUR,,11007,8
11000090054700019,CADIZ,CALLE,TOLOSA LATOUR,,11007,86
11000090054700021,CADIZ,CALLE,TOLOSA LATOUR,,11007,82
11000090055200001,CADIZ,CALLE,TRAFALGAR,,11012,10
11000090055200002,CADIZ,CALLE,TRAFALGAR,,11012,28
11000090055200003,CADIZ,CALLE,TRAFALGAR,,11012,10
11000090055200005,CADIZ,CALLE,TRAFALGAR,,11012,10
11000090055400004,CADIZ,CALLE,TRILLE,,11008,28
11000090055400006,CADIZ,CALLE,TRILLE,,11009,27
11000090055400008,CADIZ,CALLE,TRILLE,,11012,27
11000090055400010,CADIZ,CALLE,TRILLE,,11009,21
11000090055400015,CADIZ,CALLE,TRILLE,,11009,8
11000090055400017,CADIZ,CALLE,TRILLE,,11009,8
11000090055400023,CADIZ,CALLE,TRILLE,,11012,40
11000090055400025,CADIZ,CALLE,TRILLE,,11012,40
11000090055400027,CADIZ,CALLE,TRILLE,,11012,27
11000090055400029,CADIZ,CALLE,TRILLE,,11012,27
11000090055400031,CADIZ,CALLE,TRILLE,,11012,41
11000090055900057,CADIZ,PLAZA,UBRIQUE,,11012,10
11000090055900058,CADIZ,PLAZA,UBRIQUE,,11012,10
11000090056100001,CADIZ,CALLE,UTRERA,,11000,10
11000090056100002,CADIZ,CALLE,UTRERA,,11000,11
11000090056100003,CADIZ,CALLE,UTRERA,,11000,10
11000090056100004,CADIZ,CALLE,UTRERA,,11000,7
11000090056100006,CADIZ,CALLE,UTRERA,,11000,8
11000090056100008,CADIZ,CALLE,UTRERA,,11000,10
11000090056700001,CADIZ,CALLE,VEINTICUATRO DE JULIO,,11007,9
11000090056700003,CADIZ,CALLE,VEINTICUATRO DE JULIO,,11007,8
11000090056800003,CADIZ,CALLE,VELÁZQUEZ,,11010,93
11000090056800005,CADIZ,CALLE,VELÁZQUEZ,,11010,20
11000090056800015,CADIZ,CALLE,VELÁZQUEZ,,11010,118
11000090057200001,CADIZ,CALLE,VICENTE ALEIXANDRE,,11008,8
11000090057200002,CADIZ,CALLE,VICENTE ALEIXANDRE,,11008,8
11000090057200003,CADIZ,CALLE,VICENTE ALEIXANDRE,,11008,8
11000090057200004,CADIZ,CALLE,VICENTE ALEIXANDRE,,11008,8
11000090057200005,CADIZ,CALLE,VICENTE ALEIXANDRE,,11008,7
11000090057200006,CADIZ,CALLE,VICENTE ALEIXANDRE,,11008,24
11000090057200007,CADIZ,CALLE,VICENTE ALEIXANDRE,,11008,6
11000090057200008,CADIZ,CALLE,VICENTE ALEIXANDRE,,11008,20
11000090057300001,CADIZ,CALLE,VÍCTOR GONZÁLEZ,,11000,9
11000090057300002,CADIZ,CALLE,VÍCTOR GONZÁLEZ,,11000,12
11000090057300003,CADIZ,CALLE,VÍCTOR GONZÁLEZ,,11000,9
11000090057400001,CADIZ,Pasaje,VÍCTOR DE PABLO,,11012,28
11000090057400002,CADIZ,Pasaje,VÍCTOR DE PABLO,,11012,28
11000090058000001,CADIZ,CALLE,VILLA PARADA,,11011,10
11000090058000003,CADIZ,CALLE,VILLA PARADA,,11011,78
11000090058300001,CADIZ,CALLE,VIRGEN DE LAS ANGUSTIAS,,11010,21
11000090058300002,CADIZ,CALLE,VIRGEN DE LAS ANGUSTIAS,,11010,13
11000090058300004,CADIZ,CALLE,VIRGEN DE LAS ANGUSTIAS,,11010,11
11000090058300006,CADIZ,CALLE,VIRGEN DE LAS ANGUSTIAS,,11010,25
11000090058400001,CADIZ,PLAZA,VIRGEN DE LORETO,,11011,21
11000090058400002,CADIZ,PLAZA,VIRGEN DE LORETO,,11011,21
11000090058400003,CADIZ,PLAZA,VIRGEN DE LORETO,,11011,20
11000090058400004,CADIZ,PLAZA,VIRGEN DE LORETO,,11011,20
11000090058400005,CADIZ,PLAZA,VIRGEN DE LORETO,,11011,20
11000090058400006,CADIZ,PLAZA,VIRGEN DE LORETO,,11011,20
11000090058400007,CADIZ,PLAZA,VIRGEN DE LORETO,,11011,21
11000090058400008,CADIZ,PLAZA,VIRGEN DE LORETO,,11011,21
11000090058400009,CADIZ,PLAZA,VIRGEN DE LORETO,,11011,20
11000090058400010,CADIZ,PLAZA,VIRGEN DE LORETO,,11011,21
11000090058400011,CADIZ,PLAZA,VIRGEN DE LORETO,,11011,21
11000090058400012,CADIZ,PLAZA,VIRGEN DE LORETO,,11011,20
11000090058400013,CADIZ,PLAZA,VIRGEN DE LORETO,,11011,20
11000090058600002,CADIZ,CALLE,VIRGEN DEL PERPETUO SOCORRO,,11000,30
11000090059300001,CADIZ,CALLE,ZARZA,,11000,35
11000090059500002,CADIZ,CALLE,ALCALDE SCHEZ COSSIO,,11010,1
11000090059700001,CADIZ,CALLE,ZURBARÁN,,11010,51
11000090059700002,CADIZ,CALLE,ZURBARÁN,,11010,53
11000090059700003,CADIZ,CALLE,ZURBARÁN,,11010,112
11000090059700004,CADIZ,CALLE,ZURBARÁN,,11010,51
11000090063700001,CADIZ,CALLE,ROCHESTER,,11000,37
11000090063700002,CADIZ,CALLE,ROCHESTER,,11000,7
11000090063800002,CADIZ,CALLE,PINTOR JUSTO RUIZ LUNA,,11010,96
11000090065900001,CADIZ,CALLE,DAMA DE CÁDIZ,,11000,19
11000090065900003,CADIZ,CALLE,DAMA DE CÁDIZ,,11000,15
11000090066000001,CADIZ,CALLE,OLVERA,,11012,30
11000090066000002,CADIZ,CALLE,OLVERA,,11011,15
11000090066000003,CADIZ,CALLE,OLVERA,,11012,15
11000090066000004,CADIZ,CALLE,OLVERA,,11011,15
11000090066000005,CADIZ,CALLE,OLVERA,,11012,15
11000090066000006,CADIZ,CALLE,OLVERA,,11011,15
11000090066000007,CADIZ,CALLE,OLVERA,,11011,15
11000090066000008,CADIZ,CALLE,OLVERA,,11011,15
11000090066200001,CADIZ,CALLE,DOCTOR GÓMEZ PLANA,,11000,101
11000090066300001,CADIZ,CALLE,DOCTOR JOSÉ MANUEL PASCUAL Y PASCUAL,,11000,21
11000090066300002,CADIZ,CALLE,DOCTOR JOSÉ MANUEL PASCUAL Y PASCUAL,,11000,16
11000090066300003,CADIZ,CALLE,DOCTOR JOSÉ MANUEL PASCUAL Y PASCUAL,,11000,20
11000090066300005,CADIZ,CALLE,DOCTOR JOSÉ MANUEL PASCUAL Y PASCUAL,,11000,16
11000090066300007,CADIZ,CALLE,DOCTOR JOSÉ MANUEL PASCUAL Y PASCUAL,,11000,18
11000090066300009,CADIZ,CALLE,DOCTOR JOSÉ MANUEL PASCUAL Y PASCUAL,,11000,8
11000090066800001,CADIZ,CALLE,ESLOVAQUIA,,11000,24
11000090066800003,CADIZ,CALLE,ESLOVAQUIA,,11000,6
11000090066800005,CADIZ,CALLE,ESLOVAQUIA,,11000,6
11000090067200001,CADIZ,AVENIDA,DE LA ILUSTRACIÓN,,11000,47
11000090067200006,CADIZ,AVENIDA,DE LA ILUSTRACIÓN,,11011,35
11000090067900001,CADIZ,CALLE,MARQUÉS DE LA ENSENADA,,11000,13
11000090067900003,CADIZ,CALLE,MARQUÉS DE LA ENSENADA,,11000,9
11000090067900005,CADIZ,CALLE,MARQUÉS DE LA ENSENADA,,11000,11
11000090067900009,CADIZ,CALLE,MARQUÉS DE LA ENSENADA,,11000,11
11000090067900011,CADIZ,CALLE,MARQUÉS DE LA ENSENADA,,11000,50
11000090067900015,CADIZ,CALLE,MARQUÉS DE LA ENSENADA,,11000,14
11000090068000002,CADIZ,CALLE,MIGUEL MARTÍNEZ DE PINILLOS,,11008,10
11000090068100001,CADIZ,CALLE,CONSTITUCIÓN DE 1812,,11000,13
11000090068100004,CADIZ,CALLE,CONSTITUCIÓN DE 1812,,11008,8
11000090068100006,CADIZ,CALLE,CONSTITUCIÓN DE 1812,,11008,8
11000090068100008,CADIZ,CALLE,CONSTITUCIÓN DE 1812,,11008,8
11000090068100010,CADIZ,CALLE,CONSTITUCIÓN DE 1812,,11008,9
11000090068200004,CADIZ,CALLE,LAS CORTES DE CÁDIZ,,11012,31
11000090068200006,CADIZ,CALLE,LAS CORTES DE CÁDIZ,,11012,32
11000090068200008,CADIZ,CALLE,LAS CORTES DE CÁDIZ,,11012,16
11000090068200010,CADIZ,CALLE,LAS CORTES DE CÁDIZ,,11012,33
11000090068200012,CADIZ,CALLE,LAS CORTES DE CÁDIZ,,11012,33
11000090068200014,CADIZ,CALLE,LAS CORTES DE CÁDIZ,,11012,33
11000090068200016,CADIZ,CALLE,LAS CORTES DE CÁDIZ,,11012,19
11000090068400001,CADIZ,CALLE,BENALUP,,11000,16
11000090068400003,CADIZ,CALLE,BENALUP,,11000,23
11000090068600001,CADIZ,CALLE,SIGUIRIYA,,11000,33
11000090069400001,CADIZ,PLAZA,JEREZ DE LA FRONTERA,,11011,31
11000090069400002,CADIZ,PLAZA,JEREZ DE LA FRONTERA,,11011,33
11000090069400003,CADIZ,PLAZA,JEREZ DE LA FRONTERA,,11011,33
11000090069400004,CADIZ,PLAZA,JEREZ DE LA FRONTERA,,11011,38
11000090069400005,CADIZ,PLAZA,JEREZ DE LA FRONTERA,,11011,39
11000090069400006,CADIZ,PLAZA,JEREZ DE LA FRONTERA,,11011,37
11000090069400007,CADIZ,PLAZA,JEREZ DE LA FRONTERA,,11011,41
11000090069400008,CADIZ,PLAZA,JEREZ DE LA FRONTERA,,11011,37
11000090069400009,CADIZ,PLAZA,JEREZ DE LA FRONTERA,,11011,38
11000090069400010,CADIZ,PLAZA,JEREZ DE LA FRONTERA,,11011,35
11000090069400011,CADIZ,PLAZA,JEREZ DE LA FRONTERA,,11011,38
11000090069400012,CADIZ,PLAZA,JEREZ DE LA FRONTERA,,11011,38
11000090069400013,CADIZ,PLAZA,JEREZ DE LA FRONTERA,,11011,32
11000090069400014,CADIZ,PLAZA,JEREZ DE LA FRONTERA,,11011,32
11000090069400015,CADIZ,PLAZA,JEREZ DE LA FRONTERA,,11011,32
11000090069600001,CADIZ,PASEO,PRÍNCIPE DE ASTURIAS,,11012,29
11000090069600002,CADIZ,PASEO,PRÍNCIPE DE ASTURIAS,,11012,29
11000090069600003,CADIZ,PASEO,PRÍNCIPE DE ASTURIAS,,11012,30
11000090069600004,CADIZ,PASEO,PRÍNCIPE DE ASTURIAS,,11012,30
11000090069600005,CADIZ,PASEO,PRÍNCIPE DE ASTURIAS,,11012,30
11000090069600006,CADIZ,PASEO,PRÍNCIPE DE ASTURIAS,,11012,30
11000090069600007,CADIZ,PASEO,PRÍNCIPE DE ASTURIAS,,11012,34
11000090069600008,CADIZ,PASEO,PRÍNCIPE DE ASTURIAS,,11012,31
11000090069600009,CADIZ,PASEO,PRÍNCIPE DE ASTURIAS,,11012,36
11000090069600010,CADIZ,PASEO,PRÍNCIPE DE ASTURIAS,,11012,34
11000090069600011,CADIZ,PASEO,PRÍNCIPE DE ASTURIAS,,11012,34
11000090069600012,CADIZ,PASEO,PRÍNCIPE DE ASTURIAS,,11012,31
11000090069600013,CADIZ,PASEO,PRÍNCIPE DE ASTURIAS,,11012,67
11000090069700001,CADIZ,CALLE,DORA REYES,,11011,12
11000090069700003,CADIZ,CALLE,DORA REYES,,11011,12
11000090069700005,CADIZ,CALLE,DORA REYES,,11011,16
11000090069800003,CADIZ,CALLE,EMILIO CASTELAR,,11012,54
11000090069800009,CADIZ,CALLE,EMILIO CASTELAR,,11012,29
11000090069800011,CADIZ,CALLE,EMILIO CASTELAR,,11012,32
11000090069900001,CADIZ,AVENIDA,JUAN CARLOS I,,11008,34
11000090069900002,CADIZ,AVENIDA,JUAN CARLOS I,,11012,10
11000090069900004,CADIZ,AVENIDA,JUAN CARLOS I,,11008,10
11000090069900005,CADIZ,AVENIDA,JUAN CARLOS I,,11008,18
11000090069900006,CADIZ,AVENIDA,JUAN CARLOS I,,11008,10
11000090069900007,CADIZ,AVENIDA,JUAN CARLOS I,,11008,18
11000090069900008,CADIZ,AVENIDA,JUAN CARLOS I,,11008,12
11000090069900009,CADIZ,AVENIDA,JUAN CARLOS I,,11007,26
11000090069900010,CADIZ,AVENIDA,JUAN CARLOS I,,11008,11
11000090069900011,CADIZ,AVENIDA,JUAN CARLOS I,,11008,25
11000090069900015,CADIZ,AVENIDA,JUAN CARLOS I,,11008,30
11000090069900017,CADIZ,AVENIDA,JUAN CARLOS I,,11008,2
11000090069900022,CADIZ,AVENIDA,JUAN CARLOS I,,11008,10
11000090069900024,CADIZ,AVENIDA,JUAN CARLOS I,,11008,9
11000090069900026,CADIZ,AVENIDA,JUAN CARLOS I,,11008,20
11000090069900028,CADIZ,AVENIDA,JUAN CARLOS I,,11008,20
11000090069900030,CADIZ,AVENIDA,JUAN CARLOS I,,11008,20
11000090069900031,CADIZ,AVENIDA,JUAN CARLOS I,,11008,8
11000090069900032,CADIZ,AVENIDA,JUAN CARLOS I,,11008,20
11000090069900033,CADIZ,AVENIDA,JUAN CARLOS I,,11012,8
11000090069900035,CADIZ,AVENIDA,JUAN CARLOS I,,11008,8
11000090069900037,CADIZ,AVENIDA,JUAN CARLOS I,,11008,8
11000090069900039,CADIZ,AVENIDA,JUAN CARLOS I,,11008,8
11000090069900040,CADIZ,AVENIDA,JUAN CARLOS I,,11008,10
11000090069900041,CADIZ,AVENIDA,JUAN CARLOS I,,11008,8
11000090069900042,CADIZ,AVENIDA,JUAN CARLOS I,,11008,10
11000090069900044,CADIZ,AVENIDA,JUAN CARLOS I,,11008,10
11000090069900046,CADIZ,AVENIDA,JUAN CARLOS I,,11008,10
11000090069900048,CADIZ,AVENIDA,JUAN CARLOS I,,11008,10
11000090069900053,CADIZ,AVENIDA,JUAN CARLOS I,,11011,80
11000090069900055,CADIZ,AVENIDA,JUAN CARLOS I,,11011,78
11000090069900060,CADIZ,AVENIDA,JUAN CARLOS I,,11008,13
11000090069900064,CADIZ,AVENIDA,JUAN CARLOS I,,11010,12
11000090069909999,CADIZ,AVENIDA,JUAN CARLOS I,,11010,1
11000090070000002,CADIZ,CALLE,SEGISMUNDO MORET,,11005,60
11000090070100002,CADIZ,CALLE,AMÉRICA,,11012,23
11000090070100003,CADIZ,CALLE,AMÉRICA,,11012,97
11000090070100004,CADIZ,CALLE,AMÉRICA,,11012,36
11000090070100005,CADIZ,CALLE,AMÉRICA,,11012,95
11000090070100006,CADIZ,CALLE,AMÉRICA,,11012,36
11000090070100008,CADIZ,CALLE,AMÉRICA,,11012,34
11000090070100010,CADIZ,CALLE,AMÉRICA,,11012,34
11000090070100012,CADIZ,CALLE,AMÉRICA,,11012,42
11000090070100016,CADIZ,CALLE,AMÉRICA,,11012,34
11000090070100018,CADIZ,CALLE,AMÉRICA,,11012,36
11000090070100020,CADIZ,CALLE,AMÉRICA,,11012,32
11000090070100022,CADIZ,CALLE,AMÉRICA,,11012,36
11000090070200001,CADIZ,PLAZA,LA FUENTE,,11002,16
11000090070200002,CADIZ,PLAZA,LA FUENTE,,11002,16
11000090070200003,CADIZ,PLAZA,LA FUENTE,,11002,12
11000090070200004,CADIZ,PLAZA,LA FUENTE,,11002,16
11000090070200005,CADIZ,PLAZA,LA FUENTE,,11002,16
11000090070200006,CADIZ,PLAZA,LA FUENTE,,11002,12
11000090070200007,CADIZ,PLAZA,LA FUENTE,,11002,16
11000090070200008,CADIZ,PLAZA,LA FUENTE,,11002,16
11000090070700001,CADIZ,CALLE,JERÓNIMO USERA,,11006,54
11000090070900001,CADIZ,CALLE,VOLUNTARIOS DE EXTRAMUROS,,11000,26
11000090071400001,CADIZ,CALLE,URUGUAY,,11000,14
11000090071400002,CADIZ,CALLE,URUGUAY,,11000,16
11000090071600001,CADIZ,CALLE,VERACRUZ,,11000,27
11000090071800001,CADIZ,CALLE,TORREVIEJA,,11011,11
11000090071800002,CADIZ,CALLE,TORREVIEJA,,11011,15
11000090071900001,CADIZ,CALLE,SALVADOR VINIEGRA Y VALDÉS,,11000,14
11000090071900003,CADIZ,CALLE,SALVADOR VINIEGRA Y VALDÉS,,11000,14
11000090071900005,CADIZ,CALLE,SALVADOR VINIEGRA Y VALDÉS,,11000,18
11000090071900007,CADIZ,CALLE,SALVADOR VINIEGRA Y VALDÉS,,11000,14
11000090071900009,CADIZ,CALLE,SALVADOR VINIEGRA Y VALDÉS,,11000,16
11000090072900610,CADIZ,CALLE,INFANTA LEONOR,,11000,1
11000090073100001,CADIZ,AVENIDA,DE LA INDEPENDENCIA,,11011,99
11000090073200002,CADIZ,CALLE,ELOÍSA MALCAMPO O'FARRELL,,11000,24
11000090130900001,CADIZ,CALLE,DE VALENCIA,,11008,13
11000090130900002,CADIZ,CALLE,DE VALENCIA,,11008,15
11000090130900003,CADIZ,CALLE,DE VALENCIA,,11008,13
11000090130900005,CADIZ,CALLE,DE VALENCIA,,11008,13
11000090130900007,CADIZ,CALLE,DE VALENCIA,,11009,12
11000090130900009,CADIZ,CALLE,DE VALENCIA,,11008,23
11000090226000001,CADIZ,CALLE,SANTO TOMÁS,,11009,63
11000090226000002,CADIZ,CALLE,SANTO TOMÁS,,11009,12
11000090226000003,CADIZ,CALLE,SANTO TOMÁS,,11009,27
11000090261600001,CADIZ,CALLE,VIRGEN DE LA LUZ,,11000,30
11000090261600003,CADIZ,CALLE,VIRGEN DE LA LUZ,,11000,11
11000090643400001,CADIZ,CALLE,MARINERO EN TIERRA,,11000,46
11000090643400002,CADIZ,CALLE,MARINERO EN TIERRA,,11000,44
11000090643400003,CADIZ,CALLE,MARINERO EN TIERRA,,11000,44
11000090643400004,CADIZ,CALLE,MARINERO EN TIERRA,,11000,44
11000090643400008,CADIZ,CALLE,MARINERO EN TIERRA,,11000,52
11000090643400009,CADIZ,CALLE,MARINERO EN TIERRA,,11000,52
11000090643400010,CADIZ,CALLE,MARINERO EN TIERRA,,11000,52
11000090643400011,CADIZ,CALLE,MARINERO EN TIERRA,,11000,52
11000090649400005,CADIZ,CALLE,CAL Y CANTO,,11000,40
11000090649400006,CADIZ,CALLE,CAL Y CANTO,,11000,40
11000090649400007,CADIZ,CALLE,CAL Y CANTO,,11000,40
11000090989400002,CADIZ,CALLE,ESTORIL,,11008,2
11000090989400004,CADIZ,CALLE,ESTORIL,,11008,2
11000090989400006,CADIZ,CALLE,ESTORIL,,11008,2
11000090995500008,CADIZ,PLAZA,ESCRITOR RAMÓN SOLÍS,,11008,14
11000090995500009,CADIZ,PLAZA,ESCRITOR RAMÓN SOLÍS,,11008,14
11000090995500010,CADIZ,PLAZA,ESCRITOR RAMÓN SOLÍS,,11008,14
11000090995500011,CADIZ,PLAZA,ESCRITOR RAMÓN SOLÍS,,11008,15
11000090995500012,CADIZ,PLAZA,ESCRITOR RAMÓN SOLÍS,,11008,12
11000090995500016,CADIZ,PLAZA,ESCRITOR RAMÓN SOLÍS,,11008,20
11000090995500017,CADIZ,PLAZA,ESCRITOR RAMÓN SOLÍS,,11008,13
11000090995600002,CADIZ,CALLE,ECUADOR,,11000,86
11000090998100001,CADIZ,PLAZA,PINTOR MELÉNDEZ,,11010,18
11000090998100002,CADIZ,PLAZA,PINTOR MELÉNDEZ,,11010,12
