3000100000300000,BENIDORM,AVENIDA,MONTECARLO,2,3500,6
3000100000300000,BENIDORM,AVENIDA,MONTECARLO,3,3500,44
3000100000300000,BENIDORM,AVENIDA,MONTECARLO,6,3500,108
3000100000300000,BENIDORM,AVENIDA,MONTECARLO,8,3500,103
3000100000300010,BENIDORM,AVENIDA,MONTECARLO,11,3500,156
3000100000300010,BENIDORM,AVENIDA,MONTECARLO,14,3500,46
3000100000300010,BENIDORM,AVENIDA,MONTECARLO,16,3500,28
3000100000300010,BENIDORM,AVENIDA,MONTECARLO,19,3503,64
3000100000300020,BENIDORM,AVENIDA,MONTECARLO,22,3500,263
3000100000500000,BENIDORM,Pasaje,SAN IGNACIO DE LOYOLA,1,3501,18
3000100000500000,BENIDORM,Pasaje,SAN IGNACIO DE LOYOLA,2,3501,13
3000100000500000,BENIDORM,Pasaje,SAN IGNACIO DE LOYOLA,3,3501,29
3000100000500000,BENIDORM,Pasaje,SAN IGNACIO DE LOYOLA,4,3501,15
3000100000500000,BENIDORM,Pasaje,SAN IGNACIO DE LOYOLA,5,3501,28
3000100000500000,BENIDORM,Pasaje,SAN IGNACIO DE LOYOLA,6,3501,22
3000100000500000,BENIDORM,Pasaje,SAN IGNACIO DE LOYOLA,7,3501,26
3000100000500000,BENIDORM,Pasaje,SAN IGNACIO DE LOYOLA,8,3501,23
3000100000700000,BENIDORM,AVENIDA,MARINA ALTA,2,3502,112
3000100000700000,BENIDORM,AVENIDA,MARINA ALTA,4,3502,105
3000100000700000,BENIDORM,AVENIDA,MARINA ALTA,6,3502,44
3000100000800000,BENIDORM,AVENIDA,CALLOSA D'EN SARRIA,2,3502,74
3000100000800000,BENIDORM,AVENIDA,CALLOSA D'EN SARRIA,4,3502,36
3000100000800000,BENIDORM,AVENIDA,CALLOSA D'EN SARRIA,5,3502,44
3000100000800000,BENIDORM,AVENIDA,CALLOSA D'EN SARRIA,6,3502,35
3000100000800000,BENIDORM,AVENIDA,CALLOSA D'EN SARRIA,8,3502,21
3000100000800010,BENIDORM,AVENIDA,CALLOSA D'EN SARRIA,10,3502,36
3000100000800010,BENIDORM,AVENIDA,CALLOSA D'EN SARRIA,12,3502,61
3000100000800010,BENIDORM,AVENIDA,CALLOSA D'EN SARRIA,13,3502,30
3000100000800010,BENIDORM,AVENIDA,CALLOSA D'EN SARRIA,15,3502,29
3000100000800010,BENIDORM,AVENIDA,CALLOSA D'EN SARRIA,17,3502,31
3000100000800010,BENIDORM,AVENIDA,CALLOSA D'EN SARRIA,19,3502,31
3000100000900000,BENIDORM,CALLE,NUCIA,2,3502,35
3000100000900000,BENIDORM,CALLE,NUCIA,4,3502,60
3000100001000000,BENIDORM,CALLE,PARAGUAY,3,3502,69
3000100001100000,BENIDORM,CALLEJON,FONT,4,3501,22
3000100001400000,BENIDORM,CALLE,JILGUERO,1,3501,5
3000100001400000,BENIDORM,CALLE,JILGUERO,3,3501,10
3000100001400000,BENIDORM,CALLE,JILGUERO,5,3501,6
3000100001400000,BENIDORM,CALLE,JILGUERO,7,3501,6
3000100001400000,BENIDORM,CALLE,JILGUERO,9,3501,6
3000100001400010,BENIDORM,CALLE,JILGUERO,11,3501,9
3000100001400010,BENIDORM,CALLE,JILGUERO,13,3501,10
3000100001400010,BENIDORM,CALLE,JILGUERO,15,3501,9
3000100001500000,BENIDORM,CALLE,PERDIZ,1,3501,10
3000100001500000,BENIDORM,CALLE,PERDIZ,2,3501,10
3000100001700000,BENIDORM,CALLE,GAVIOTA,1,3501,9
3000100001700000,BENIDORM,CALLE,GAVIOTA,2,3501,10
3000100001700000,BENIDORM,CALLE,GAVIOTA,3,3501,10
3000100001900000,BENIDORM,CALLE,TORTOLA,1,3501,10
3000100002000000,BENIDORM,CALLE,ESTORNINO,1,3501,10
3000100002000000,BENIDORM,CALLE,ESTORNINO,2,3501,10
3000100002100000,BENIDORM,CALLE,CANARIO,1,3501,10
3000100002300000,BENIDORM,PLAZA,SS MM LOS REYES DE ESPAÑA,6,3501,47
3000100002300000,BENIDORM,PLAZA,SS MM LOS REYES DE ESPAÑA,8,3501,30
3000100002400000,BENIDORM,PLAZA,INFANT,2,3501,10
3000100002400000,BENIDORM,PLAZA,INFANT,3,3501,10
3000100002500000,BENIDORM,CALLE,SANTA CRISTINA,5,3501,31
3000100002600000,BENIDORM,Pasaje,VIÑAS,1,3501,13
3000100002600000,BENIDORM,Pasaje,VIÑAS,2,3501,18
3000100003000000,BENIDORM,CALLE,AIGUES,2,3502,44
3000100003200000,BENIDORM,CALLE,ALCALA,1,3502,12
3000100003200000,BENIDORM,CALLE,ALCALA,7,3502,14
3000100003200000,BENIDORM,CALLE,ALCALA,9,3502,1
3000100003200010,BENIDORM,CALLE,ALCALA,11,3502,1
3000100003200010,BENIDORM,CALLE,ALCALA,13,3502,14
3000100003200010,BENIDORM,CALLE,ALCALA,15,3502,12
3000100003200010,BENIDORM,CALLE,ALCALA,19,3502,16
3000100003200020,BENIDORM,CALLE,ALCALA,25,3502,30
3000100003200020,BENIDORM,CALLE,ALCALA,27,3502,36
3000100003200020,BENIDORM,CALLE,ALCALA,29,3502,37
3000100003200030,BENIDORM,CALLE,ALCALA,31,3502,44
3000100003200030,BENIDORM,CALLE,ALCALA,33,3502,16
3000100003400000,BENIDORM,AVENIDA,COMUNITAT VALENCIANA,2,3503,39
3000100003400000,BENIDORM,AVENIDA,COMUNITAT VALENCIANA,8,3503,21
3000100003400010,BENIDORM,AVENIDA,COMUNITAT VALENCIANA,10,3503,21
3000100003400010,BENIDORM,AVENIDA,COMUNITAT VALENCIANA,12,3503,9
3000100003400010,BENIDORM,AVENIDA,COMUNITAT VALENCIANA,14,3503,9
3000100003400020,BENIDORM,AVENIDA,COMUNITAT VALENCIANA,22,3503,54
3000100003600000,BENIDORM,AVENIDA,CUBA,1,3501,73
3000100003600000,BENIDORM,AVENIDA,CUBA,3,3501,72
3000100003600000,BENIDORM,AVENIDA,CUBA,5,3501,74
3000100003600010,BENIDORM,AVENIDA,CUBA,15,3501,72
3000100003900000,BENIDORM,CALLE,INFIESTO,3,3502,82
3000100004000000,BENIDORM,CALLE,OTOÑO,4,3501,21
3000100004000000,BENIDORM,CALLE,OTOÑO,6,3501,2
3000100004400000,BENIDORM,AVENIDA,ALCOI,2,3503,93
3000100004400000,BENIDORM,AVENIDA,ALCOI,6,3503,73
3000100004400010,BENIDORM,AVENIDA,ALCOI,11,3503,26
3000100004400010,BENIDORM,AVENIDA,ALCOI,12,3503,46
3000100004400010,BENIDORM,AVENIDA,ALCOI,13,3503,90
3000100004400010,BENIDORM,AVENIDA,ALCOI,15,3503,77
3000100004800000,BENIDORM,CALLE,DENIA,4,3502,18
3000100004800000,BENIDORM,CALLE,DENIA,5,3502,39
3000100004800000,BENIDORM,CALLE,DENIA,6,3502,22
3000100004800000,BENIDORM,CALLE,DENIA,8,3502,31
3000100004800000,BENIDORM,CALLE,DENIA,9,3502,41
3000100004800010,BENIDORM,CALLE,DENIA,10,3502,42
3000100004800010,BENIDORM,CALLE,DENIA,12,3502,62
3000100004800010,BENIDORM,CALLE,DENIA,14,3502,82
3000100004800010,BENIDORM,CALLE,DENIA,15,3502,34
3000100004800010,BENIDORM,CALLE,DENIA,16,3502,71
3000100005300000,BENIDORM,Avinguda,ALMIRALL BERNAT DE SARRIA,6,3503,102
3000100005300000,BENIDORM,Avinguda,ALMIRALL BERNAT DE SARRIA,8,3503,140
3000100005400000,BENIDORM,AVENIDA,COSTA RICA,2,3502,62
3000100005400000,BENIDORM,AVENIDA,COSTA RICA,4,3502,62
3000100005900000,BENIDORM,CALLE,JUAN LLORCA,1,3503,95
3000100005900000,BENIDORM,CALLE,JUAN LLORCA,2,3503,122
3000100006700000,BENIDORM,CALLE,LANGREO,4,3502,68
3000100006700000,BENIDORM,CALLE,LANGREO,6,3502,58
3000100007100000,BENIDORM,CALLE,ESCOCIA,4,3502,26
3000100007400000,BENIDORM,CALLE,RELLEU,1,3501,75
3000100007400010,BENIDORM,CALLE,RELLEU,10,3501,16
3000100007400010,BENIDORM,CALLE,RELLEU,12,3501,15
3000100007800000,BENIDORM,AVENIDA,BENISSA,1,3502,66
3000100007800000,BENIDORM,AVENIDA,BENISSA,3,3502,79
3000100007800010,BENIDORM,AVENIDA,BENISSA,11,3502,53
3000100009800000,BENIDORM,CALLE,ACTOR LUIS PRENDES,1,3501,26
3000100009800000,BENIDORM,CALLE,ACTOR LUIS PRENDES,3,3501,55
3000100009900000,BENIDORM,CALLE,GINES CARTAGENA,1,3500,24
3000100009900000,BENIDORM,CALLE,GINES CARTAGENA,7,3500,131
3000100009900000,BENIDORM,CALLE,GINES CARTAGENA,9,3502,68
3000100009900010,BENIDORM,CALLE,GINES CARTAGENA,14,3500,8
3000100009900010,BENIDORM,CALLE,GINES CARTAGENA,16,3500,8
3000100009900010,BENIDORM,CALLE,GINES CARTAGENA,18,3500,8
3000100010000010,BENIDORM,CARRER,DON JUAN ANTONIO BALDOVI,11,3502,85
3000100010000010,BENIDORM,CARRER,DON JUAN ANTONIO BALDOVI,15,3502,30
3000100010100000,BENIDORM,AVENIDA,MUNICIPI,3,3502,65
3000100010100000,BENIDORM,AVENIDA,MUNICIPI,6,3502,69
3000100010100000,BENIDORM,AVENIDA,MUNICIPI,7,3502,176
3000100010100000,BENIDORM,AVENIDA,MUNICIPI,8,3502,106
3000100010100010,BENIDORM,AVENIDA,MUNICIPI,10,3502,16
3000100010100010,BENIDORM,AVENIDA,MUNICIPI,12,3502,74
3000100010100010,BENIDORM,AVENIDA,MUNICIPI,13,3502,184
3000100010100010,BENIDORM,AVENIDA,MUNICIPI,14,3502,178
3000100010100010,BENIDORM,AVENIDA,MUNICIPI,16,3502,30
3000100010400000,BENIDORM,CALLE,LUARCA,6,3502,20
3000100010600000,BENIDORM,AVENIDA,MARE DE DÉU DEL SOFRATGE,2,3501,68
3000100010900000,BENIDORM,CALLE,CORTES ROIG,3,3502,76
3000100011300000,BENIDORM,AVENIDA,MURTAL,3,3502,33
3000100011300000,BENIDORM,AVENIDA,MURTAL,4,3502,214
3000100011300000,BENIDORM,AVENIDA,MURTAL,5,3502,46
3000100011400000,BENIDORM,CARRER,LA TORRE DE LES MAÇANES,1,3502,205
3000100011600000,BENIDORM,CALLE,DR SANTIAGO RAMÓN Y CAJAL,1,3503,38
3000100011600000,BENIDORM,CALLE,DR SANTIAGO RAMÓN Y CAJAL,3,3503,36
3000100011600000,BENIDORM,CALLE,DR SANTIAGO RAMÓN Y CAJAL,5,3503,66
3000100012100000,BENIDORM,CALLE,ASTURIAS,8,3500,125
3000100012100010,BENIDORM,CALLE,ASTURIAS,10,3500,109
3000100012100010,BENIDORM,CALLE,ASTURIAS,12,3500,105
3000100012100010,BENIDORM,CALLE,ASTURIAS,14,3502,52
3000100012100010,BENIDORM,CALLE,ASTURIAS,16,3502,117
3000100012100010,BENIDORM,CALLE,ASTURIAS,18,3502,84
3000100012200000,BENIDORM,CALLE,ASSUMPCIÓ,2,3501,4
3000100012200000,BENIDORM,CALLE,ASSUMPCIÓ,4,3501,3
3000100012200000,BENIDORM,CALLE,ASSUMPCIÓ,6,3501,4
3000100012200000,BENIDORM,CALLE,ASSUMPCIÓ,7,3501,4
3000100012200000,BENIDORM,CALLE,ASSUMPCIÓ,8,3501,4
3000100012200010,BENIDORM,CALLE,ASSUMPCIÓ,10,3501,10
3000100012200010,BENIDORM,CALLE,ASSUMPCIÓ,11,3501,1
3000100012200010,BENIDORM,CALLE,ASSUMPCIÓ,12,3501,8
3000100012200010,BENIDORM,CALLE,ASSUMPCIÓ,14,3501,5
3000100012700000,BENIDORM,CALLE,LAREDO,1,3502,59
3000100012700000,BENIDORM,CALLE,LAREDO,2,3502,88
3000100013500000,BENIDORM,AVENIDA,CALP,2,3502,30
3000100013500000,BENIDORM,AVENIDA,CALP,4,3502,40
3000100013500000,BENIDORM,AVENIDA,CALP,6,3502,120
3000100019400000,BENIDORM,CALLE,PRESIDENTE ADOLFO SUÁREZ,1,3502,54
3000100019400000,BENIDORM,CALLE,PRESIDENTE ADOLFO SUÁREZ,2,3502,86
3000100019400000,BENIDORM,CALLE,PRESIDENTE ADOLFO SUÁREZ,3,3502,286
3000100019400000,BENIDORM,CALLE,PRESIDENTE ADOLFO SUÁREZ,4,3502,86
3000100019400000,BENIDORM,CALLE,PRESIDENTE ADOLFO SUÁREZ,6,3502,83
3000100019400000,BENIDORM,CALLE,PRESIDENTE ADOLFO SUÁREZ,8,3502,92
3000100019400010,BENIDORM,CALLE,PRESIDENTE ADOLFO SUÁREZ,10,3502,84
3000100019400010,BENIDORM,CALLE,PRESIDENTE ADOLFO SUÁREZ,12,3502,216
3000100019400020,BENIDORM,CALLE,PRESIDENTE ADOLFO SUÁREZ,20,3502,207
3000100019400020,BENIDORM,CALLE,PRESIDENTE ADOLFO SUÁREZ,22,3502,207
3000100019400020,BENIDORM,CALLE,PRESIDENTE ADOLFO SUÁREZ,24,3502,178
3000100033800010,BENIDORM,PLAZA,CONSTITUCIÓ,12,3501,5
3000100035200000,BENIDORM,PLAZA,CREU,7,3501,3
3000100035200000,BENIDORM,PLAZA,CREU,8,3501,5
3000100035200000,BENIDORM,PLAZA,CREU,9,3501,4
3000100046800000,BENIDORM,CALLE,ESCOLES,1,3501,29
3000100046800000,BENIDORM,CALLE,ESCOLES,3,3501,31
3000100046800000,BENIDORM,CALLE,ESCOLES,5,3501,27
3000100057500000,BENIDORM,CALLE,GERONA,1,3503,42
3000100057500000,BENIDORM,CALLE,GERONA,2,3503,74
3000100057500000,BENIDORM,CALLE,GERONA,3,3503,50
3000100058300000,BENIDORM,CALLE,GOYA,7,3502,1
3000100064100000,BENIDORM,CALLE,JAÉN,4,3503,82
3000100064100000,BENIDORM,CALLE,JAEN,6,3503,130
3000100068400000,BENIDORM,CALLE,JÚPITER,3,3501,19
3000100068400000,BENIDORM,CALLE,JÚPITER,5,3501,19
3000100068400000,BENIDORM,CALLE,JÚPITER,7,3501,31
3000100068400010,BENIDORM,CALLE,JÚPITER,10,3501,1
3000100068400010,BENIDORM,CALLE,JÚPITER,11,3501,47
3000100068400010,BENIDORM,CALLE,JÚPITER,16,3501,14
3000100072300000,BENIDORM,CALLE,LEPANTO,1,3500,46
3000100075100000,BENIDORM,PLAZA,LUNA,1,3501,10
3000100075100000,BENIDORM,PLAZA,LUNA,2,3501,10
3000100075100000,BENIDORM,PLAZA,LUNA,3,3501,10
3000100075100000,BENIDORM,PLAZA,LUNA,4,3501,10
3000100079400000,BENIDORM,CALLE,MARTE,1,3501,29
3000100079400000,BENIDORM,CALLE,MARTE,4,3501,10
3000100079400000,BENIDORM,CALLE,MARTE,6,3501,10
3000100079400000,BENIDORM,CALLE,MARTE,8,3501,10
3000100079400000,BENIDORM,CALLE,MARTE,9,3501,4
3000100079800020,BENIDORM,CALLE,MAJOR,21,3501,9
3000100081100000,BENIDORM,CALLE,MERCURIO,1,3501,10
3000100081100000,BENIDORM,CALLE,MERCURIO,4,3501,10
3000100081100000,BENIDORM,CALLE,MERCURIO,5,3501,10
3000100081100000,BENIDORM,CALLE,MERCURIO,6,3501,10
3000100081100000,BENIDORM,CALLE,MERCURIO,7,3501,10
3000100100200000,BENIDORM,AVENIDA,PORTUGAL,1,3502,460
3000100100200000,BENIDORM,AVENIDA,PORTUGAL,4,3502,322
3000100101200010,BENIDORM,CALLE,PRIMAVERA,18,3501,34
3000100109800000,BENIDORM,CALLE,SANT ANTONI,3,3501,7
3000100109800000,BENIDORM,CALLE,SANT ANTONI,4,3501,5
3000100109800000,BENIDORM,CALLE,SANT ANTONI,5,3501,12
3000100109800000,BENIDORM,CALLE,SANT ANTONI,6,3501,12
3000100109800000,BENIDORM,CALLE,SANT ANTONI,7,3501,12
3000100109800000,BENIDORM,CALLE,SANT ANTONI,8,3501,22
3000100109800000,BENIDORM,CALLE,SANT ANTONI,9,3501,6
3000100109800010,BENIDORM,CALLE,SANT ANTONI,11,3501,13
3000100109800010,BENIDORM,CALLE,SANT ANTONI,12,3501,3
3000100109800010,BENIDORM,CALLE,SANT ANTONI,13,3501,2
3000100109800010,BENIDORM,CALLE,SANT ANTONI,14,3501,3
3000100109800010,BENIDORM,CALLE,SANT ANTONI,15,3503,16
3000100109800010,BENIDORM,CALLE,SANT ANTONI,16,3501,7
3000100109800010,BENIDORM,CALLE,SANT ANTONI,17,3501,6
3000100112000000,BENIDORM,CALLE,SANT JOAN BAPTISTA,4,3501,2
3000100112000000,BENIDORM,CALLE,SANT JOAN BAPTISTA,6,3501,9
3000100113200000,BENIDORM,CALLE,SANT MIQUEL,2,3501,8
3000100113200000,BENIDORM,CALLE,SANT MIQUEL,8,3501,1
3000100113200010,BENIDORM,CALLE,SANT MIQUEL,10,3501,8
3000100113200010,BENIDORM,CALLE,SANT MIQUEL,12,3501,8
3000100113200010,BENIDORM,CALLE,SANT MIQUEL,16,3501,2
3000100114000040,BENIDORM,CALLE,SANT ROC,41,3501,1
3000100114000040,BENIDORM,CALLE,SANT ROC,47,3501,1
3000100114000040,BENIDORM,CALLE,SANT ROC,49,3501,4
3000100114000050,BENIDORM,CALLE,SANT ROC,51,3501,6
3000100114400030,BENIDORM,CALLE,SANT VICENT,31,3501,6
3000100114400030,BENIDORM,CALLE,SANT VICENT,37,3501,1
3000100114400030,BENIDORM,CALLE,SANT VICENT,39,3501,2
3000100116800000,BENIDORM,CALLE,SANTO DOMINGO,3,3501,4
3000100116800000,BENIDORM,CALLE,SANTO DOMINGO,4,3501,4
3000100116800000,BENIDORM,CALLE,SANTO DOMINGO,6,3501,2
3000100116800000,BENIDORM,CALLE,SANTO DOMINGO,7,3501,3
3000100116800000,BENIDORM,CALLE,SANTO DOMINGO,8,3501,2
3000100116800000,BENIDORM,CALLE,SANTO DOMINGO,9,3501,3
3000100116800010,BENIDORM,CALLE,SANTO DOMINGO,11,3501,4
3000100116800010,BENIDORM,CALLE,SANTO DOMINGO,13,3501,1
3000100116800010,BENIDORM,CALLE,SANTO DOMINGO,15,3501,6
3000100116800010,BENIDORM,CALLE,SANTO DOMINGO,17,3501,6
3000100117500000,BENIDORM,CALLE,SATURNO,1,3501,10
3000100117500000,BENIDORM,CALLE,SATURNO,3,3501,10
3000100117700000,BENIDORM,CALLE,SELLA,2,3502,48
3000100117700000,BENIDORM,CALLE,SELLA,4,3502,58
3000100117700000,BENIDORM,CALLE,SELLA,6,3502,55
3000100118000000,BENIDORM,CALLE,SERRANO,1,3502,1
3000100118000000,BENIDORM,CALLE,SERRANO,2,3502,1
3000100118000000,BENIDORM,CALLE,SERRANO,4,3502,1
3000100118000000,BENIDORM,CALLE,SERRANO,6,3502,1
3000100118000000,BENIDORM,CALLE,SERRANO,8,3502,3
3000100118000010,BENIDORM,CALLE,SERRANO,10,3502,6
3000100118000010,BENIDORM,CALLE,SERRANO,14,3502,1
3000100120200000,BENIDORM,CALLE,SUIZA,2,3502,194
3000100124500000,BENIDORM,CALLE,URUGUAY,3,3500,66
3000100124500000,BENIDORM,CALLE,URUGUAY,4,3502,73
3000100124500000,BENIDORM,CALLE,URUGUAY,6,3502,78
3000100124500000,BENIDORM,CALLE,URUGUAY,8,3500,11
3000100124500010,BENIDORM,CALLE,URUGUAY,10,3500,140
3000100124500010,BENIDORM,CALLE,URUGUAY,12,3502,32
3000100126100000,BENIDORM,CALLE,VELÁZQUEZ,7,3502,28
3000100126100000,BENIDORM,CALLE,VELÁZQUEZ,9,3502,43
3000100126100010,BENIDORM,CALLE,VELÁZQUEZ,11,3502,12
3000100126100010,BENIDORM,CALLE,VELÁZQUEZ,13,3502,12
3000100126100010,BENIDORM,CALLE,VELÁZQUEZ,15,3502,1
3000100126100040,BENIDORM,CALLE,VELÁZQUEZ,42,3502,14
3000100132300020,BENIDORM,CALLE,ALACANT,23,3501,10
3000100132300040,BENIDORM,CALLE,ALACANT,44,3501,5
3000100132300040,BENIDORM,CALLE,ALACANT,46,3501,11
3000100153200000,BENIDORM,CALLE,PUIG CAMPANA,8,3501,19
3000100163300000,BENIDORM,CALLE,ANTONIO RAMOS CARRATALA,1,3501,1
3000100163300000,BENIDORM,CALLE,ANTONIO RAMOS CARRATALA,3,3501,37
3000100163300000,BENIDORM,CALLE,ANTONIO RAMOS CARRATALA,5,3501,10
3000100163300000,BENIDORM,CALLE,ANTONIO RAMOS CARRATALA,6,3501,12
3000100163300000,BENIDORM,CALLE,ANTONIO RAMOS CARRATALA,7,3501,10
3000100163300000,BENIDORM,CALLE,ANTONIO RAMOS CARRATALA,8,3501,12
3000100163300000,BENIDORM,CALLE,ANTONIO RAMOS CARRATALA,9,3501,25
3000100163300010,BENIDORM,CALLE,ANTONIO RAMOS CARRATALA,10,3501,36
3000100163300010,BENIDORM,CALLE,ANTONIO RAMOS CARRATALA,11,3501,36
3000100163300010,BENIDORM,CALLE,ANTONIO RAMOS CARRATALA,13,3501,20
3000100163300010,BENIDORM,CALLE,ANTONIO RAMOS CARRATALA,16,3501,2
3000100163300010,BENIDORM,CALLE,ANTONIO RAMOS CARRATALA,18,3501,4
3000100163300010,BENIDORM,CALLE,ANTONIO RAMOS CARRATALA,19,3501,18
3000100234000000,BENIDORM,CALLE,CAPITÁN CORTÉS,2,3502,1
3000100234000000,BENIDORM,CALLE,CAPITÁN CORTÉS,6,3502,8
3000100234000000,BENIDORM,CALLE,CAPITÁN CORTÉS,8,3502,9
3000100234000000,BENIDORM,CALLE,CAPITÁN CORTÉS,9,3502,10
3000100234000010,BENIDORM,CALLE,CAPITÁN CORTÉS,11,3502,10
3000100234000010,BENIDORM,CALLE,CAPITÁN CORTÉS,13,3502,10
3000100234000010,BENIDORM,CALLE,CAPITÁN CORTÉS,15,3502,10
3000100234000010,BENIDORM,CALLE,CAPITÁN CORTÉS,17,3502,10
3000100234000010,BENIDORM,CALLE,CAPITÁN CORTÉS,19,3502,10
3000100234000020,BENIDORM,CALLE,CAPITÁN CORTÉS,21,3502,10
3000100234000020,BENIDORM,CALLE,CAPITÁN CORTÉS,23,3502,10
3000100260500000,BENIDORM,CALLE,HOLANDA,7,3500,28
3000100260500000,BENIDORM,CALLE,HOLANDA,9,3500,24
3000100260500010,BENIDORM,CALLE,HOLANDA,11,3500,24
3000100266900000,BENIDORM,CALLE,GRECIA,1,3502,124
3000100266900000,BENIDORM,CALLE,GRECIA,2,3502,34
3000100266900000,BENIDORM,CALLE,GRECIA,3,3502,64
3000100266900000,BENIDORM,CALLE,GRECIA,4,3502,25
3000100266900010,BENIDORM,CALLE,GRECIA,10,3502,21
3000100268800030,BENIDORM,AVENIDA,MADRID,33,3503,22
3000100341300000,BENIDORM,AVENIDA,ANDALUCÍA,5,3502,75
3000100341300010,BENIDORM,AVENIDA,ANDALUCÍA,10,3502,32
3000100341300010,BENIDORM,AVENIDA,ANDALUCÍA,11,3502,160
3000100346700000,BENIDORM,CALLE,ARNEDO,1,3502,35
3000100346700000,BENIDORM,CALLE,ARNEDO,6,3502,125
3000100355000000,BENIDORM,CALLE,POLOP,1,3502,47
3000100355000000,BENIDORM,CALLE,POLOP,2,3502,29
3000100355000000,BENIDORM,CALLE,POLOP,3,3502,29
3000100355000000,BENIDORM,CALLE,POLOP,4,3502,27
3000100355000000,BENIDORM,CALLE,POLOP,6,3502,25
3000100355100000,BENIDORM,CALLE,SANTÍSSIMA TRINITAT,1,3501,2
3000100355100000,BENIDORM,CALLE,SANTÍSSIMA TRINITAT,7,3501,8
3000100355100000,BENIDORM,CALLE,SANTÍSSIMA TRINITAT,9,3501,29
3000100355100010,BENIDORM,CALLE,SANTÍSSIMA TRINITAT,11,3501,8
3000100366700000,BENIDORM,CALLE,SALAMANCA,4,3502,15
3000100366700000,BENIDORM,CALLE,SALAMANCA,6,3502,15
3000100366700000,BENIDORM,CALLE,SALAMANCA,8,3502,15
3000100366700020,BENIDORM,CALLE,SALAMANCA,24,3502,20
3000100366700020,BENIDORM,CALLE,SALAMANCA,29,3502,27
3000100366700030,BENIDORM,CALLE,SALAMANCA,31,3502,29
3000100366700030,BENIDORM,CALLE,SALAMANCA,33,3502,24
3000100366700030,BENIDORM,CALLE,SALAMANCA,35,3502,28
3000100366700030,BENIDORM,CALLE,SALAMANCA,37,3502,21
3000100375000000,BENIDORM,CALLE,SANTA FAÇ,1,3501,6
3000100375000000,BENIDORM,CALLE,SANTA FAÇ,3,3501,3
3000100375000000,BENIDORM,CALLE,SANTA FAÇ,5,3501,8
3000100375000000,BENIDORM,CALLE,SANTA FAÇ,9,3501,10
3000100375000010,BENIDORM,CALLE,SANTA FAÇ,11,3501,4
3000100375000010,BENIDORM,CALLE,SANTA FAÇ,13,3501,1
3000100375000010,BENIDORM,CALLE,SANTA FAÇ,15,3501,20
3000100375000010,BENIDORM,CALLE,SANTA FAÇ,17,3501,1
3000100375000010,BENIDORM,CALLE,SANTA FAÇ,19,3501,3
3000100375000020,BENIDORM,CALLE,SANTA FAÇ,21,3501,3
3000100375000020,BENIDORM,CALLE,SANTA FAÇ,23,3501,4
3000100375000020,BENIDORM,CALLE,SANTA FAÇ,27,3501,5
3000100375000020,BENIDORM,CALLE,SANTA FAÇ,28,3501,1
3000100375000020,BENIDORM,CALLE,SANTA FAÇ,29,3501,2
3000100375000030,BENIDORM,CALLE,SANTA FAÇ,30,3501,1
3000100375000030,BENIDORM,CALLE,SANTA FAÇ,32,3501,4
3000100375000030,BENIDORM,CALLE,SANTA FAÇ,33,3501,4
3000100375000030,BENIDORM,CALLE,SANTA FAÇ,34,3501,4
3000100375000030,BENIDORM,CALLE,SANTA FAÇ,35,3501,13
3000100375000030,BENIDORM,CALLE,SANTA FAÇ,36,3501,6
3000100375000030,BENIDORM,CALLE,SANTA FAÇ,38,3501,1
3000100375000040,BENIDORM,CALLE,SANTA FAÇ,40,3501,1
3000100375000040,BENIDORM,CALLE,SANTA FAÇ,42,3501,10
3000100375000040,BENIDORM,CALLE,SANTA FAÇ,44,3501,10
3000100375000040,BENIDORM,CALLE,SANTA FAÇ,48,3501,1
3000100378800010,BENIDORM,CALLE,KENNEDY,10,3503,77
3000100378800010,BENIDORM,CALLE,KENNEDY,12,3503,77
3000100378800010,BENIDORM,CALLE,KENNEDY,13,3503,59
3000100404900000,BENIDORM,CALLE,TOMÁS ORTUÑO,1,3501,7
3000100404900000,BENIDORM,CALLE,TOMÁS ORTUÑO,3,3501,6
3000100404900000,BENIDORM,CALLE,TOMÁS ORTUÑO,4,3501,17
3000100404900000,BENIDORM,CALLE,TOMÁS ORTUÑO,6,3501,34
3000100404900000,BENIDORM,CALLE,TOMÁS ORTUÑO,8,3501,13
3000100404900000,BENIDORM,CALLE,TOMÁS ORTUÑO,9,3501,5
3000100404900010,BENIDORM,CALLE,TOMÁS ORTUÑO,10,3501,2
3000100404900010,BENIDORM,CALLE,TOMÁS ORTUÑO,11,3501,29
3000100404900010,BENIDORM,CALLE,TOMÁS ORTUÑO,14,3501,66
3000100404900010,BENIDORM,CALLE,TOMÁS ORTUÑO,15,3501,11
3000100404900010,BENIDORM,CALLE,TOMÁS ORTUÑO,17,3501,16
3000100404900020,BENIDORM,CALLE,TOMÁS ORTUÑO,20,3501,2
3000100404900020,BENIDORM,CALLE,TOMÁS ORTUÑO,22,3501,15
3000100404900030,BENIDORM,CALLE,TOMÁS ORTUÑO,30,3501,1
3000100404900030,BENIDORM,CALLE,TOMÁS ORTUÑO,35,3501,11
3000100404900030,BENIDORM,CALLE,TOMAS ORTUÑO,37,3501,2
3000100404900030,BENIDORM,CALLE,TOMAS ORTUÑO,39,3501,6
3000100404900040,BENIDORM,CALLE,TOMAS ORTUÑO,41,3501,7
3000100404900040,BENIDORM,CALLE,TOMAS ORTUÑO,43,3501,2
3000100404900040,BENIDORM,CALLE,TOMÁS ORTUÑO,44,3501,13
3000100404900040,BENIDORM,CALLE,TOMAS ORTUÑO,45,3501,4
3000100404900040,BENIDORM,CALLE,TOMÁS ORTUÑO,46,3501,9
3000100404900040,BENIDORM,CALLE,TOMAS ORTUÑO,47,3501,2
3000100404900040,BENIDORM,CALLE,TOMÁS ORTUÑO,48,3501,13
3000100404900040,BENIDORM,CALLE,TOMAS ORTUÑO,49,3501,5
3000100404900050,BENIDORM,CALLE,TOMAS ORTUÑO,51,3501,4
3000100404900050,BENIDORM,CALLE,TOMÁS ORTUÑO,55,3501,6
3000100404900050,BENIDORM,CALLE,TOMÁS ORTUÑO,57,3501,6
3000100404900050,BENIDORM,CALLE,TOMÁS ORTUÑO,59,3501,2
3000100404900060,BENIDORM,CALLE,TOMÁS ORTUÑO,63,3501,11
3000100404900060,BENIDORM,CALLE,TOMÁS ORTUÑO,65,3501,6
3000100404900060,BENIDORM,CALLE,TOMÁS ORTUÑO,67,3501,5
3000100404900070,BENIDORM,CALLE,TOMÁS ORTUÑO,72,3501,41
3000100404900070,BENIDORM,CALLE,TOMÁS ORTUÑO,73,3501,8
3000100404900070,BENIDORM,CALLE,TOMÁS ORTUÑO,74,3501,3
3000100404900070,BENIDORM,CALLE,TOMÁS ORTUÑO,76,3501,4
3000100404900080,BENIDORM,CALLE,TOMÁS ORTUÑO,80,3501,20
3000100404900080,BENIDORM,CALLE,TOMÁS ORTUÑO,82,3501,19
3000100404900080,BENIDORM,CALLE,TOMÁS ORTUÑO,83,3501,34
3000100404900080,BENIDORM,CALLE,TOMÁS ORTUÑO,84,3501,55
3000100404900080,BENIDORM,CALLE,TOMÁS ORTUÑO,85,3501,75
3000100404900080,BENIDORM,CALLE,TOMÁS ORTUÑO,86,3501,58
3000100404900080,BENIDORM,CALLE,TOMÁS ORTUÑO,87,3501,9
3000100404900090,BENIDORM,CALLE,TOMÁS ORTUÑO,92,3501,103
3000100404900090,BENIDORM,CALLE,TOMÁS ORTUÑO,94,3501,78
3000100405000000,BENIDORM,CALLE,MARAVALL,5,3501,62
3000100405000000,BENIDORM,CALLE,MARAVALL,7,3501,29
3000100405000000,BENIDORM,CALLE,MARAVALL,8,3501,10
3000100405000000,BENIDORM,CALLE,MARAVALL,9,3501,10
3000100405000010,BENIDORM,CALLE,MARAVALL,11,3501,41
3000100405000010,BENIDORM,CALLE,MARAVALL,12,3501,18
3000100405000010,BENIDORM,CALLE,MARAVALL,13,3501,10
3000100405000010,BENIDORM,CALLE,MARAVALL,14,3501,15
3000100405000010,BENIDORM,CALLE,MARAVALL,15,3501,9
3000100405000010,BENIDORM,CALLE,MARAVALL,17,3501,8
3000100405000010,BENIDORM,CALLE,MARAVALL,19,3501,9
3000100405000020,BENIDORM,CALLE,MARAVALL,21,3501,7
3000100405000020,BENIDORM,CALLE,MARAVALL,25,3501,10
3000100405000020,BENIDORM,CALLE,MARAVALL,27,3501,10
3000100405000030,BENIDORM,CALLE,MARAVALL,31,3501,62
3000100405000030,BENIDORM,CALLE,MARAVALL,32,3501,26
3000100405000030,BENIDORM,CALLE,MARAVALL,33,3501,77
3000100405300000,BENIDORM,AVENIDA,RUZAFA,2,3501,123
3000100405300000,BENIDORM,AVENIDA,RUZAFA,4,3501,32
3000100405300010,BENIDORM,AVENIDA,RUZAFA,10,3501,6
3000100405300020,BENIDORM,AVENIDA,RUZAFA,20,3501,39
3000100405300030,BENIDORM,AVENIDA,RUZAFA,31,3501,5
3000100405300030,BENIDORM,AVENIDA,RUZAFA,33,3501,3
3000100405300030,BENIDORM,AVENIDA,RUZAFA,37,3501,8
3000100405300030,BENIDORM,AVENIDA,RUZAFA,39,3501,5
3000100405300040,BENIDORM,AVENIDA,RUZAFA,49,3501,22
3000100405300050,BENIDORM,AVENIDA,RUZAFA,51,3501,20
3000100405500000,BENIDORM,AVENIDA,NICARAGUA,5,3502,79
3000100405500000,BENIDORM,AVENIDA,NICARAGUA,6,3502,73
3000100405500000,BENIDORM,AVENIDA,NICARAGUA,7,3502,72
3000100405500000,BENIDORM,AVENIDA,NICARAGUA,8,3502,15
3000100405500000,BENIDORM,AVENIDA,NICARAGUA,9,3502,72
3000100405500010,BENIDORM,AVENIDA,NICARAGUA,10,3502,75
3000100405500010,BENIDORM,AVENIDA,NICARAGUA,11,3502,82
3000100405500010,BENIDORM,AVENIDA,NICARAGUA,12,3502,56
3000100405500010,BENIDORM,AVENIDA,NICARAGUA,13,3502,92
3000100405900000,BENIDORM,CALLE,ONDULADA,1,3501,43
3000100406100000,BENIDORM,AVENIDA,BENIARDA,5,3502,34
3000100406100010,BENIDORM,AVENIDA,BENIARDA,10,3502,44
3000100406100010,BENIDORM,AVENIDA,BENIARDA,12,3502,172
3000100406100010,BENIDORM,AVENIDA,BENIARDA,13,3502,17
3000100406100010,BENIDORM,AVENIDA,BENIARDA,16,3502,77
3000100406100010,BENIDORM,AVENIDA,BENIARDA,17,3502,37
3000100406100010,BENIDORM,AVENIDA,BENIARDA,19,3502,6
3000100406100020,BENIDORM,AVENIDA,BENIARDA,21,3502,3
3000100406100030,BENIDORM,AVENIDA,BENIARDA,37,3502,6
3000100406100040,BENIDORM,AVENIDA,BENIARDA,41,3502,12
3000100406100040,BENIDORM,AVENIDA,BENIARDA,43,3502,1
3000100406100040,BENIDORM,AVENIDA,BENIARDA,45,3502,1
3000100406100040,BENIDORM,AVENIDA,BENIARDA,47,3502,13
3000100406100050,BENIDORM,AVENIDA,BENIARDA,55,3502,17
3000100406100050,BENIDORM,AVENIDA,BENIARDA,57,3502,2
3000100406100060,BENIDORM,AVENIDA,BENIARDA,61,3502,1
3000100406200000,BENIDORM,AVENIDA,ARMADA ESPAÑOLA,5,3502,89
3000100406200000,BENIDORM,AVENIDA,ARMADA ESPAÑOLA,9,3502,41
3000100406200010,BENIDORM,AVENIDA,ARMADA ESPAÑOLA,13,3502,100
3000100406200010,BENIDORM,AVENIDA,ARMADA ESPAÑOLA,14,3502,45
3000100406200010,BENIDORM,AVENIDA,ARMADA ESPAÑOLA,15,3502,37
3000100406200010,BENIDORM,AVENIDA,ARMADA ESPAÑOLA,16,3502,37
3000100406200010,BENIDORM,AVENIDA,ARMADA ESPAÑOLA,17,3502,38
3000100406200010,BENIDORM,AVENIDA,ARMADA ESPAÑOLA,18,3502,41
3000100406200010,BENIDORM,AVENIDA,ARMADA ESPAÑOLA,19,3502,39
3000100406200020,BENIDORM,AVENIDA,ARMADA ESPAÑOLA,20,3502,52
3000100406200020,BENIDORM,AVENIDA,ARMADA ESPAÑOLA,21,3502,69
3000100406200020,BENIDORM,AVENIDA,ARMADA ESPAÑOLA,22,3502,58
3000100406200020,BENIDORM,AVENIDA,ARMADA ESPAÑOLA,23,3502,49
3000100406200020,BENIDORM,AVENIDA,ARMADA ESPAÑOLA,24,3502,64
3000100406200020,BENIDORM,AVENIDA,ARMADA ESPAÑOLA,25,3502,39
3000100406200020,BENIDORM,AVENIDA,ARMADA ESPAÑOLA,26,3502,90
3000100407500000,BENIDORM,CALLE,VIRGEN DE LA ALMUDENA,1,3502,18
3000100407500000,BENIDORM,CALLE,VIRGEN DE LA ALMUDENA,4,3502,16
3000100407500000,BENIDORM,CALLE,VIRGEN DE LA ALMUDENA,5,3502,15
3000100407500000,BENIDORM,CALLE,VIRGEN DE LA ALMUDENA,6,3502,16
3000100407500000,BENIDORM,CALLE,VIRGEN DE LA ALMUDENA,7,3502,1
3000100407500000,BENIDORM,CALLE,VIRGEN DE LA ALMUDENA,8,3502,16
3000100407500000,BENIDORM,CALLE,VIRGEN DE LA ALMUDENA,9,3502,14
3000100407500010,BENIDORM,CALLE,VIRGEN DE LA ALMUDENA,10,3502,14
3000100407500010,BENIDORM,CALLE,VIRGEN DE LA ALMUDENA,11,3502,1
3000100407500010,BENIDORM,CALLE,VIRGEN DE LA ALMUDENA,13,3502,1
3000100407500010,BENIDORM,CALLE,VIRGEN DE LA ALMUDENA,14,3502,12
3000100407500010,BENIDORM,CALLE,VIRGEN DE LA ALMUDENA,15,3502,2
3000100407500010,BENIDORM,CALLE,VIRGEN DE LA ALMUDENA,18,3502,1
3000100407500020,BENIDORM,CALLE,VIRGEN DE LA ALMUDENA,20,3502,1
3000100407500020,BENIDORM,CALLE,VIRGEN DE LA ALMUDENA,24,3502,30
3000100407500020,BENIDORM,CALLE,VIRGEN DE LA ALMUDENA,27,3502,31
3000100407500030,BENIDORM,CALLE,VIRGEN DE LA ALMUDENA,31,3502,16
3000100407500030,BENIDORM,CALLE,VIRGEN DE LA ALMUDENA,34,3502,15
3000100407700000,BENIDORM,CALLE,GARITA,3,3501,14
3000100407700000,BENIDORM,CALLE,GARITA,4,3501,10
3000100407700000,BENIDORM,CALLE,GARITA,6,3501,4
3000100407700000,BENIDORM,CALLE,GARITA,8,3501,1
3000100407700010,BENIDORM,CALLE,GARITA,12,3501,9
3000100407700010,BENIDORM,CALLE,GARITA,14,3501,3
3000100407800000,BENIDORM,CALLE,MARTÍNEZ ORIOLA,1,3501,4
3000100407800000,BENIDORM,CALLE,MARTÍNEZ ORIOLA,2,3501,14
3000100407800000,BENIDORM,CALLE,MARTÍNEZ ORIOLA,4,3501,4
3000100407800000,BENIDORM,CALLE,MARTÍNEZ ORIOLA,5,3501,1
3000100407800000,BENIDORM,CALLE,MARTÍNEZ ORIOLA,7,3501,5
3000100407800000,BENIDORM,CALLE,MARTÍNEZ ORIOLA,9,3501,3
3000100407800010,BENIDORM,CALLE,MARTÍNEZ ORIOLA,11,3501,2
3000100407800010,BENIDORM,CALLE,MARTÍNEZ ORIOLA,17,3501,5
3000100407800010,BENIDORM,CALLE,MARTÍNEZ ORIOLA,18,3501,23
3000100407800010,BENIDORM,CALLE,MARTÍNEZ ORIOLA,19,3501,5
3000100407800020,BENIDORM,CALLE,MARTÍNEZ ORIOLA,21,3501,1
3000100407800020,BENIDORM,CALLE,MARTÍNEZ ORIOLA,23,3501,4
3000100407800020,BENIDORM,CALLE,MARTÍNEZ ORIOLA,25,3501,3
3000100407800020,BENIDORM,CALLE,MARTÍNEZ ORIOLA,27,3501,11
3000100407800020,BENIDORM,CALLE,MARTÍNEZ ORIOLA,29,3501,7
3000100408500000,BENIDORM,CALLE,BUEN PASTOR,1,3501,35
3000100408500000,BENIDORM,CALLE,BUEN PASTOR,2,3501,12
3000100408500000,BENIDORM,CALLE,BUEN PASTOR,3,3501,7
3000100408500000,BENIDORM,CALLE,BUEN PASTOR,4,3501,4
3000100408500000,BENIDORM,CALLE,BUEN PASTOR,5,3501,5
3000100408500000,BENIDORM,CALLE,BUEN PASTOR,6,3501,3
3000100408500000,BENIDORM,CALLE,BUEN PASTOR,7,3501,10
3000100408500000,BENIDORM,CALLE,BUEN PASTOR,8,3501,36
3000100408500000,BENIDORM,CALLE,BUEN PASTOR,9,3501,12
3000100408500010,BENIDORM,CALLE,BUEN PASTOR,10,3501,10
3000100408500010,BENIDORM,CALLE,BUEN PASTOR,12,3501,4
3000100408500010,BENIDORM,CALLE,BUEN PASTOR,13,3501,23
3000100408500010,BENIDORM,CALLE,BUEN PASTOR,16,3501,4
3000100408500010,BENIDORM,CALLE,BUEN PASTOR,17,3501,31
3000100408500020,BENIDORM,CALLE,BUEN PASTOR,20,3501,26
3000100408600000,BENIDORM,CALLE,CARRASCO,1,3501,4
3000100408600000,BENIDORM,CALLE,CARRASCO,2,3501,30
3000100408600000,BENIDORM,CALLE,CARRASCO,3,3501,2
3000100408600000,BENIDORM,CALLE,CARRASCO,4,3501,15
3000100408600000,BENIDORM,CALLE,CARRASCO,5,3501,2
3000100408600000,BENIDORM,CALLE,CARRASCO,7,3501,36
3000100408600000,BENIDORM,CALLE,CARRASCO,8,3501,14
3000100408700000,BENIDORM,CALLE,ATOCHA,4,3502,44
3000100408700000,BENIDORM,CALLE,ATOCHA,5,3502,41
3000100408800000,BENIDORM,CALLE,BERLÍN,2,3500,119
3000100409000000,BENIDORM,CALLE,SAN JOSÉ ARTESANO,2,3501,11
3000100409000000,BENIDORM,CALLE,SAN JOSÉ ARTESANO,3,3501,13
3000100409000000,BENIDORM,CALLE,SAN JOSÉ ARTESANO,4,3501,3
3000100409000000,BENIDORM,CALLE,SAN JOSE ARTESANO,5,3501,2
3000100409000000,BENIDORM,CALLE,SAN JOSE ARTESANO,6,3501,9
3000100409000000,BENIDORM,CALLE,SAN JOSE ARTESANO,7,3501,2
3000100409000000,BENIDORM,CALLE,SAN JOSE ARTESANO,8,3501,11
3000100409000000,BENIDORM,CALLE,SAN JOSE ARTESANO,9,3501,3
3000100409500000,BENIDORM,CALLE,IBIZA,2,3503,39
3000100409500000,BENIDORM,CALLE,IBIZA,9,3503,74
3000100409700000,BENIDORM,CALLE,HERRERÍAS,2,3501,24
3000100409700000,BENIDORM,CALLE,HERRERÍAS,3,3501,12
3000100409700000,BENIDORM,CALLE,HERRERÍAS,5,3501,6
3000100409700000,BENIDORM,CALLE,HERRERÍAS,7,3501,14
3000100409700000,BENIDORM,CALLE,HERRERÍAS,9,3501,4
3000100410000000,BENIDORM,CALLE,TULIPANES,4,3501,5
3000100410000000,BENIDORM,CALLE,TULIPANES,8,3501,55
3000100410200000,BENIDORM,CALLE,INVIERNO,6,3501,18
3000100410400000,BENIDORM,CALLE,METGE PÉREZ MARTORELL,4,3501,1
3000100410400010,BENIDORM,CALLE,METGE PÉREZ MARTORELL,10,3501,22
3000100410400010,BENIDORM,CALLE,METGE PÉREZ MARTORELL,12,3501,3
3000100410400010,BENIDORM,CALLE,METGE PÉREZ MARTORELL,14,3501,2
3000100410400010,BENIDORM,CALLE,METGE PÉREZ MARTORELL,18,3501,14
3000100410400020,BENIDORM,CALLE,METGE PÉREZ MARTORELL,20,3501,2
3000100410400020,BENIDORM,CALLE,METGE PÉREZ MARTORELL,22,3501,5
3000100410600000,BENIDORM,AVENIDA,MARTÍNEZ ALEJOS,1,3501,1
3000100410600000,BENIDORM,AVENIDA,MARTÍNEZ ALEJOS,7,3501,82
3000100410600010,BENIDORM,AVENIDA,MARTÍNEZ ALEJOS,12,3501,9
3000100410600010,BENIDORM,AVENIDA,MARTÍNEZ ALEJOS,14,3501,2
3000100410600010,BENIDORM,AVENIDA,MARTÍNEZ ALEJOS,16,3501,71
3000100410800000,BENIDORM,CALLE,GAMBO,1,3503,70
3000100410800000,BENIDORM,CALLE,GAMBO,3,3503,59
3000100411300000,BENIDORM,CALLE,VIRGEN DE LA MACARENA,1,3502,1
3000100411300000,BENIDORM,CALLE,VIRGEN DE LA MACARENA,2,3502,1
3000100411300000,BENIDORM,CALLE,VIRGEN DE LA MACARENA,4,3502,1
3000100411300000,BENIDORM,CALLE,VIRGEN DE LA MACARENA,6,3502,1
3000100411300000,BENIDORM,CALLE,VIRGEN DE LA MACARENA,8,3502,1
3000100411300010,BENIDORM,CALLE,VIRGEN DE LA MACARENA,10,3502,1
3000100411300010,BENIDORM,CALLE,VIRGEN DE LA MACARENA,12,3502,1
3000100411300010,BENIDORM,CALLE,VIRGEN DE LA MACARENA,14,3502,1
3000100411700000,BENIDORM,CALLE,ROLDÁN,1,3501,20
3000100411700000,BENIDORM,CALLE,ROLDAN,2,3501,12
3000100411700000,BENIDORM,CALLE,ROLDÁN,3,3501,53
3000100411700000,BENIDORM,CALLE,ROLDAN,4,3501,10
3000100411700000,BENIDORM,CALLE,ROLDÁN,5,3501,1
3000100411700000,BENIDORM,CALLE,ROLDAN,6,3501,23
3000100411700000,BENIDORM,CALLE,ROLDÁN,7,3501,15
3000100411700000,BENIDORM,CALLE,ROLDÁN,9,3501,16
3000100411700010,BENIDORM,CALLE,ROLDÁN,11,3501,5
3000100412100000,BENIDORM,AVENIDA,BILBAO,3,3500,77
3000100412100000,BENIDORM,AVENIDA,BILBAO,4,3500,51
3000100412200010,BENIDORM,AVENIDA,EUROPA,13,3503,30
3000100412200010,BENIDORM,AVENIDA,EUROPA,15,3503,30
3000100412200010,BENIDORM,AVENIDA,EUROPA,17,3503,30
3000100412200020,BENIDORM,AVENIDA,EUROPA,21,3503,88
3000100412200020,BENIDORM,AVENIDA,EUROPA,25,3503,18
3000100412200020,BENIDORM,AVENIDA,EUROPA,27,3503,19
3000100412200020,BENIDORM,AVENIDA,EUROPA,29,3503,20
3000100412400000,BENIDORM,PLAZA,HISPANIDAD,1,3503,40
3000100412800000,BENIDORM,CALLE,MARQUÉS DE COMILLAS,2,3501,11
3000100412800000,BENIDORM,CALLE,MARQUÉS DE COMILLAS,4,3501,25
3000100412800000,BENIDORM,CALLE,MARQUÉS DE COMILLAS,6,3501,29
3000100412800000,BENIDORM,CALLE,MARQUÉS DE COMILLAS,8,3501,12
3000100412800010,BENIDORM,CALLE,MARQUÉS DE COMILLAS,10,3501,11
3000100412800010,BENIDORM,CALLE,MARQUÉS DE COMILLAS,12,3501,12
3000100412800010,BENIDORM,CALLE,MARQUÉS DE COMILLAS,14,3501,12
3000100412800020,BENIDORM,CALLE,MARQUÉS DE COMILLAS,20,3501,13
3000100412800020,BENIDORM,CALLE,MARQUÉS DE COMILLAS,22,3501,12
3000100412800020,BENIDORM,CALLE,MARQUÉS DE COMILLAS,24,3501,11
3000100412800020,BENIDORM,CALLE,MARQUÉS DE COMILLAS,26,3501,12
3000100412800020,BENIDORM,CALLE,MARQUÉS DE COMILLAS,28,3501,1
3000100412800030,BENIDORM,CALLE,MARQUÉS DE COMILLAS,30,3501,10
3000100412800030,BENIDORM,CALLE,MARQUÉS DE COMILLAS,32,3501,10
3000100412800030,BENIDORM,CALLE,MARQUÉS DE COMILLAS,34,3501,15
3000100412800030,BENIDORM,CALLE,MARQUÉS DE COMILLAS,39,3501,101
3000100413700000,BENIDORM,AVENIDA,ESTOCOLMO,2,3503,61
3000100413700010,BENIDORM,AVENIDA,ESTOCOLMO,19,3500,34
3000100413700050,BENIDORM,AVENIDA,ESTOCOLMO,50,3500,256
3000100414200000,BENIDORM,CALLE,RIOJA,1,3501,40
3000100414200000,BENIDORM,CALLE,RIOJA,5,3501,11
3000100414200000,BENIDORM,CALLE,RIOJA,8,3501,40
3000100414900010,BENIDORM,AVENIDA,DERRAMADOR,12,3500,233
3000100415000000,BENIDORM,AVENIDA,DOCTOR ORTS LLORCA,4,3503,6
3000100415000000,BENIDORM,AVENIDA,DOCTOR ORTS LLORCA,6,3503,30
3000100415000010,BENIDORM,AVENIDA,DOCTOR ORTS LLORCA,11,3503,67
3000100415000020,BENIDORM,AVENIDA,DOCTOR ORTS LLORCA,20,3503,63
3000100415200000,BENIDORM,AVENIDA,LIMONES,2,3501,13
3000100415200000,BENIDORM,AVENIDA,LIMONES,4,3501,11
3000100415200000,BENIDORM,AVENIDA,LIMONES,6,3501,16
3000100415200000,BENIDORM,AVENIDA,LIMONES,8,3501,16
3000100415200000,BENIDORM,AVENIDA,LIMONES,9,3501,6
3000100415200010,BENIDORM,AVENIDA,LIMONES,10,3501,3
3000100415200010,BENIDORM,AVENIDA,LIMONES,12,3501,16
3000100415200010,BENIDORM,AVENIDA,LIMONES,14,3501,3
3000100415200010,BENIDORM,AVENIDA,LIMONES,16,3501,4
3000100415200020,BENIDORM,AVENIDA,LIMONES,22,3501,62
3000100415200020,BENIDORM,AVENIDA,LIMONES,29,3501,5
3000100415700000,BENIDORM,CALLE,GARDENIAS,2,3501,22
3000100415700000,BENIDORM,CALLE,GARDENIAS,3,3501,11
3000100415700000,BENIDORM,CALLE,GARDENIAS,4,3501,12
3000100415700000,BENIDORM,CALLE,GARDENIAS,5,3501,12
3000100415700000,BENIDORM,CALLE,GARDENIAS,6,3501,19
3000100415700000,BENIDORM,CALLE,GARDENIAS,7,3501,12
3000100415700000,BENIDORM,CALLE,GARDENIAS,8,3501,20
3000100415700000,BENIDORM,CALLE,GARDENIAS,9,3501,13
3000100415700010,BENIDORM,CALLE,GARDENIAS,10,3501,1
3000100415700010,BENIDORM,CALLE,GARDENIAS,12,3501,1
3000100415800000,BENIDORM,CALLE,APOLO XI,1,3501,6
3000100415800000,BENIDORM,CALLE,APOLO XI,3,3501,13
3000100415800000,BENIDORM,CALLE,APOLO XI,4,3501,14
3000100415800000,BENIDORM,CALLE,APOLO XI,5,3501,16
3000100415800000,BENIDORM,CALLE,APOLO XI,6,3501,12
3000100415800000,BENIDORM,CALLE,APOLO XI,8,3501,14
3000100415800010,BENIDORM,CALLE,APOLO XI,10,3501,12
3000100415800010,BENIDORM,CALLE,APOLO XI,11,3501,10
3000100415800010,BENIDORM,CALLE,APOLO XI,12,3501,4
3000100415800010,BENIDORM,CALLE,APOLO XI,14,3501,3
3000100415800020,BENIDORM,CALLE,APOLO XI,20,3501,16
3000100416300010,BENIDORM,CALLE,CARMELA MARTÍNEZ,10,3501,10
3000100416900000,BENIDORM,CALLE,QUATRE CANTONS,1,3501,5
3000100416900000,BENIDORM,CALLE,QUATRE CANTONS,3,3501,2
3000100416900000,BENIDORM,CALLE,QUATRE CANTONS,6,3501,4
3000100417000000,BENIDORM,CALLE,MERCAT,1,3501,14
3000100417000000,BENIDORM,CALLE,MERCAT,3,3501,2
3000100417000000,BENIDORM,CALLE,MERCAT,6,3501,17
3000100417000000,BENIDORM,CALLE,MERCAT,8,3501,5
3000100417000010,BENIDORM,CALLE,MERCAT,10,3501,1
3000100417300000,BENIDORM,CALLE,BIGA,1,3501,6
3000100417300000,BENIDORM,CALLE,BIGA,2,3500,7
3000100417300000,BENIDORM,CALLE,BIGA,4,3500,5
3000100417300000,BENIDORM,CALLE,BIGA,5,3500,5
3000100417300000,BENIDORM,CALLE,BIGA,7,3500,4
3000100417300000,BENIDORM,CALLE,BIGA,8,3500,5
3000100417300000,BENIDORM,CALLE,BIGA,9,3500,3
3000100417300010,BENIDORM,CALLE,BIGA,11,3500,4
3000100417300010,BENIDORM,CALLE,BIGA,12,3500,4
3000100417500000,BENIDORM,CALLE,VIENA,1,3503,65
3000100417500000,BENIDORM,CALLE,VIENA,6,3503,252
3000100417500000,BENIDORM,CALLE,VIENA,8,3503,204
3000100417600000,BENIDORM,CALLE,ESPERANTO,4,3503,23
3000100417600010,BENIDORM,CALLE,ESPERANTO,14,3503,19
3000100417600010,BENIDORM,CALLE,ESPERANTO,17,3503,116
3000100417600020,BENIDORM,CALLE,ESPERANTO,23,3503,74
3000100417600030,BENIDORM,CALLE,ESPERANTO,31,3503,56
3000100417600030,BENIDORM,CALLE,ESPERANTO,33,3503,126
3000100417800000,BENIDORM,PLAZA,NEPTUNO,4,3501,10
3000100417800000,BENIDORM,PLAZA,NEPTUNO,5,3501,10
3000100417800000,BENIDORM,PLAZA,NEPTUNO,6,3501,10
3000100417800000,BENIDORM,PLAZA,NEPTUNO,7,3501,10
3000100418000000,BENIDORM,Pasaje,SANTA RITA DE CASIA,1,3501,13
3000100418000000,BENIDORM,Pasaje,SANTA RITA DE CASIA,2,3501,12
3000100418000000,BENIDORM,Pasaje,SANTA RITA DE CASIA,3,3501,12
3000100418000000,BENIDORM,Pasaje,SANTA RITA DE CASIA,4,3501,13
3000100418000000,BENIDORM,Pasaje,SANTA RITA DE CASIA,5,3501,13
3000100418000000,BENIDORM,Pasaje,SANTA RITA DE CASIA,6,3501,13
3000100418100000,BENIDORM,GLORIETA,CARRASCO,1,3501,12
3000100418100000,BENIDORM,GLORIETA,CARRASCO,2,3501,18
3000100418100000,BENIDORM,GLORIETA,CARRASCO,3,3501,28
3000100418100000,BENIDORM,GLORIETA,CARRASCO,4,3501,17
3000100418100000,BENIDORM,GLORIETA,CARRASCO,5,3501,46
3000100418100000,BENIDORM,GLORIETA,CARRASCO,6,3501,33
3000100418100000,BENIDORM,GLORIETA,CARRASCO,7,3501,33
3000100418100000,BENIDORM,GLORIETA,CARRASCO,8,3501,24
3000100418100000,BENIDORM,GLORIETA,CARRASCO,9,3501,31
3000100418100010,BENIDORM,GLORIETA,CARRASCO,10,3501,23
3000100418100010,BENIDORM,GLORIETA,CARRASCO,11,3501,67
3000100418100010,BENIDORM,GLORIETA,CARRASCO,12,3501,60
3000100418100010,BENIDORM,GLORIETA,CARRASCO,13,3501,61
3000100418100010,BENIDORM,GLORIETA,CARRASCO,14,3501,48
3000100419100000,BENIDORM,CALLE,SIERRA DORADA,3,3500,430
3000100420200000,BENIDORM,CALLE,ALAMEDA ALCALDE PEDRO ZARAGOZA,3,3501,4
3000100420200000,BENIDORM,CALLE,ALAMEDA ALCALDE PEDRO ZARAGOZA,5,3501,4
3000100420200000,BENIDORM,CALLE,ALAMEDA ALCALDE PEDRO ZARAGOZA,7,3501,3
3000100420200010,BENIDORM,CALLE,ALAMEDA ALCALDE PEDRO ZARAGOZA,11,3501,3
3000100420200010,BENIDORM,CALLE,ALAMEDA ALCALDE PEDRO ZARAGOZA,13,3501,3
3000100420200010,BENIDORM,CALLE,ALAMEDA ALCALDE PEDRO ZARAGOZA,15,3501,3
3000100420200010,BENIDORM,CALLE,ALAMEDA ALCALDE PEDRO ZARAGOZA,17,3501,7
3000100420200010,BENIDORM,CALLE,ALAMEDA ALCALDE PEDRO ZARAGOZA,19,3501,19
3000100420200040,BENIDORM,CALLE,ALAMEDA ALCALDE PEDRO ZARAGOZA,40,3501,2
3000100420500000,BENIDORM,CALLE,METGE DON COSME BAYONA,1,3501,7
3000100420500000,BENIDORM,CALLE,METGE DON COSME BAYONA,5,3501,27
3000100420800000,BENIDORM,CALLE,PINTOR LOZANO,5,3501,1
3000100420800000,BENIDORM,CALLE,PINTOR LOZANO,8,3501,11
3000100420800010,BENIDORM,CALLE,PINTOR LOZANO,10,3501,1
3000100421000000,BENIDORM,VIA,EMILIO ORTUÑO,1,3501,10
3000100421000000,BENIDORM,VIA,EMILIO ORTUÑO,4,3501,5
3000100421000000,BENIDORM,VIA,EMILIO ORTUÑO,6,3501,36
3000100421000000,BENIDORM,VIA,EMILIO ORTUÑO,8,3501,158
3000100421000010,BENIDORM,VIA,EMILIO ORTUÑO,14,3501,81
3000100421000010,BENIDORM,VIA,EMILIO ORTUÑO,19,3501,105
3000100421000020,BENIDORM,VIA,EMILIO ORTUÑO,21,3501,110
3000100421000030,BENIDORM,VIA,EMILIO ORTUÑO,31,3501,58
3000100421300000,BENIDORM,CALLE,ROSAL,1,3501,15
3000100421300000,BENIDORM,CALLE,ROSAL,2,3501,11
3000100421300000,BENIDORM,CALLE,ROSAL,4,3501,12
3000100421300000,BENIDORM,CALLE,ROSAL,6,3501,19
3000100423300000,BENIDORM,CALLE,VENUS,1,3501,16
3000100423300000,BENIDORM,CALLE,VENUS,2,3501,28
3000100423300000,BENIDORM,CALLE,VENUS,3,3501,28
3000100423300000,BENIDORM,CALLE,VENUS,4,3501,34
3000100423300000,BENIDORM,CALLE,VENUS,5,3501,27
3000100425500000,BENIDORM,CALLE,PINO,3,3501,2
3000100425500000,BENIDORM,CALLE,PINO,4,3501,12
3000100425500000,BENIDORM,CALLE,PINO,5,3501,15
3000100425500000,BENIDORM,CALLE,PINO,6,3501,19
3000100425500000,BENIDORM,CALLE,PINO,7,3501,26
3000100427400000,BENIDORM,CALLE,NORUEGA,2,3500,173
3000100427400000,BENIDORM,CALLE,NORUEGA,4,3500,174
3000100427400000,BENIDORM,CALLE,NORUEGA,5,3500,98
3000100427400000,BENIDORM,CALLE,NORUEGA,8,3500,37
3000100428200000,BENIDORM,CALLE,EMILIO ROMERO,5,3503,57
3000100429200000,BENIDORM,AVENIDA,ROMA,1,3503,23
3000100429200000,BENIDORM,AVENIDA,ROMA,5,3503,1
3000100429200010,BENIDORM,AVENIDA,ROMA,11,3503,82
3000100429300000,BENIDORM,PLAZA,PRELADO DON ANTONIO BAYONA,1,3502,8
3000100429300000,BENIDORM,PLAZA,PRELADO DON ANTONIO BAYONA,2,3502,8
3000100429300000,BENIDORM,PLAZA,PRELADO DON ANTONIO BAYONA,3,3502,8
3000100429300000,BENIDORM,PLAZA,PRELADO DON ANTONIO BAYONA,4,3502,8
3000100429300000,BENIDORM,PLAZA,PRELADO DON ANTONIO BAYONA,5,3502,8
3000100429300000,BENIDORM,PLAZA,PRELADO DON ANTONIO BAYONA,6,3502,8
3000100429300000,BENIDORM,PLAZA,PRELADO DON ANTONIO BAYONA,7,3502,8
3000100430600000,BENIDORM,AVENIDA,MONTBENIDORM,9,3500,4
3000100430600010,BENIDORM,AVENIDA,MONTBENIDORM,11,3500,129
3000100431100040,BENIDORM,PASEO,CARRETERA,48,3501,4
3000100431100050,BENIDORM,PASEO,CARRETERA,50,3501,13
3000100431100050,BENIDORM,PASEO,CARRETERA,52,3501,2
3000100431800000,BENIDORM,CALLE,SACERDOTE D TOMÁS GARCÍA SEMPERE,5,3501,29
3000100431800000,BENIDORM,CALLE,SACERDOTE D TOMÁS GARCÍA SEMPERE,7,3501,11
3000100431800000,BENIDORM,CALLE,SACERDOTE D TOMÁS GARCÍA SEMPERE,9,3501,5
3000100431900000,BENIDORM,PLAZA,DOCTOR FLEMING,2,3501,1
3000100433400000,BENIDORM,CALLE,ALMADRAVA,1,3501,9
3000100433400000,BENIDORM,CALLE,ALMADRAVA,2,3501,21
3000100433400000,BENIDORM,CALLE,ALMADRAVA,4,3501,5
3000100435400000,BENIDORM,PLAZA,CASTELAR,3,3501,14
3000100436600010,BENIDORM,CALLE,MAR,14,3503,24
3000100436600010,BENIDORM,CALLE,MAR,17,3503,39
3000100436600010,BENIDORM,CALLE,MAR,19,3503,37
3000100439900000,BENIDORM,CALLE,ALT,2,3501,3
3000100440500000,BENIDORM,CALLE,MIRADOR,1,3501,51
3000100440500000,BENIDORM,CALLE,MIRADOR,2,3501,30
3000100440500010,BENIDORM,CALLE,MIRADOR,14,3501,26
3000100441900000,BENIDORM,CALLE,MONACO,3,3503,28
3000100442100000,BENIDORM,CALLE,DEL MOLÍ,2,3501,15
3000100442100000,BENIDORM,CALLE,DEL MOLÍ,3,3501,2
3000100442100000,BENIDORM,CALLE,DEL MOLÍ,4,3501,16
3000100442100000,BENIDORM,CALLE,DEL MOLÍ,5,3501,21
3000100442100000,BENIDORM,CALLE,DEL MOLÍ,6,3501,1
3000100445500000,BENIDORM,AVENIDA,MEDITERRÁNEO,1,3503,65
3000100445500000,BENIDORM,AVENIDA,MEDITERRÁNEO,2,3503,61
3000100445500000,BENIDORM,AVENIDA,MEDITERRÁNEO,3,3503,117
3000100445500000,BENIDORM,AVENIDA,MEDITERRÁNEO,4,3503,18
3000100445500000,BENIDORM,AVENIDA,MEDITERRANEO,5,3503,24
3000100445500000,BENIDORM,AVENIDA,MEDITERRANEO,7,3503,27
3000100445500000,BENIDORM,AVENIDA,MEDITERRANEO,9,3503,17
3000100445500050,BENIDORM,AVENIDA,MEDITERRÁNEO,51,3503,135
3000100445500050,BENIDORM,AVENIDA,MEDITERRÁNEO,53,3503,107
3000100445500060,BENIDORM,AVENIDA,MEDITERRÁNEO,66,3503,177
3000100446400000,BENIDORM,Pasaje,DOS AMERICAS,1,3501,31
3000100446400000,BENIDORM,Pasaje,DOS AMERICAS,2,3501,27
3000100447200000,BENIDORM,PASEO,CASTELLANA,3,3502,2
3000100447200010,BENIDORM,PASEO,CASTELLANA,15,3502,7
3000100447200010,BENIDORM,PASEO,CASTELLANA,17,3502,11
3000100447200010,BENIDORM,PASEO,CASTELLANA,19,3502,18
3000100447200020,BENIDORM,PASEO,CASTELLANA,26,3502,15
3000100447200020,BENIDORM,PASEO,CASTELLANA,29,3502,3
3000100447200030,BENIDORM,PASEO,CASTELLANA,30,3502,18
3000100447200030,BENIDORM,PASEO,CASTELLANA,36,3502,16
3000100447200030,BENIDORM,PASEO,CASTELLANA,38,3502,15
3000100447200040,BENIDORM,PASEO,CASTELLANA,40,3502,1
3000100447200040,BENIDORM,PASEO,CASTELLANA,47,3502,58
3000100447200050,BENIDORM,PASEO,CASTELLANA,58,3502,1
3000100447200060,BENIDORM,PASEO,CASTELLANA,60,3502,17
3000100447200060,BENIDORM,PASEO,CASTELLANA,66,3502,2
3000100447200060,BENIDORM,PASEO,CASTELLANA,68,3502,19
3000100447900000,BENIDORM,CALLE,URANO,1,3501,10
3000100447900000,BENIDORM,CALLE,URANO,2,3501,10
3000100447900000,BENIDORM,CALLE,URANO,3,3501,86
3000100447900000,BENIDORM,CALLE,URANO,5,3501,91
3000100448600000,BENIDORM,AVENIDA,MARINA BAIXA,1,3502,47
3000100448600000,BENIDORM,AVENIDA,MARINA BAIXA,2,3502,139
3000100448600000,BENIDORM,AVENIDA,MARINA BAIXA,3,3502,201
3000100448600000,BENIDORM,AVENIDA,MARINA BAIXA,4,3502,62
3000100448600000,BENIDORM,AVENIDA,MARINA BAIXA,7,3502,112
3000100448600020,BENIDORM,AVENIDA,MARINA BAIXA,22,3502,10
3000100448600020,BENIDORM,AVENIDA,MARINA BAIXA,24,3502,17
3000100448600020,BENIDORM,AVENIDA,MARINA BAIXA,26,3502,30
3000100449900000,BENIDORM,AVENIDA,SUECIA,1,3502,130
3000100449900000,BENIDORM,AVENIDA,SUECIA,2,3502,162
3000100449900000,BENIDORM,AVENIDA,SUECIA,4,3502,163
3000100449900000,BENIDORM,AVENIDA,SUECIA,6,3502,135
3000100449900000,BENIDORM,AVENIDA,SUECIA,8,3502,135
3000100450300000,BENIDORM,CALLE,OLIVOS,1,3501,20
3000100450300000,BENIDORM,CALLE,OLIVOS,3,3501,4
3000100450300000,BENIDORM,CALLE,OLIVOS,4,3501,1
3000100450300000,BENIDORM,CALLE,OLIVOS,5,3501,1
3000100450300000,BENIDORM,CALLE,OLIVOS,6,3501,4
3000100450300000,BENIDORM,CALLE,OLIVOS,7,3501,1
3000100450300000,BENIDORM,CALLE,OLIVOS,9,3501,3
3000100450300010,BENIDORM,CALLE,OLIVOS,17,3501,6
3000100452300000,BENIDORM,PASEO,ACACIAS,7,3502,55
3000100452300000,BENIDORM,PASEO,ACACIAS,8,3502,1
3000100452300010,BENIDORM,PASEO,ACACIAS,15,3502,14
3000100452300010,BENIDORM,PASEO,ACACIAS,18,3502,6
3000100452300020,BENIDORM,PASEO,ACACIAS,22,3502,18
3000100453300000,BENIDORM,CALLE,COSTERA BARCO,7,3501,16
3000100454500000,BENIDORM,AVENIDA,XIXO,2,3502,236
3000100454500000,BENIDORM,AVENIDA,XIXO,3,3501,100
3000100454500000,BENIDORM,AVENIDA,XIXO,5,3501,12
3000100454900000,BENIDORM,AVENIDA,BÉLGICA,4,3502,76
3000100454900000,BENIDORM,AVENIDA,BÉLGICA,7,3502,42
3000100454900010,BENIDORM,AVENIDA,BÉLGICA,11,3502,42
3000100454900010,BENIDORM,AVENIDA,BÉLGICA,13,3502,38
3000100454900010,BENIDORM,AVENIDA,BÉLGICA,15,3502,40
3000100455300000,BENIDORM,CALLE,MANILA,2,3503,73
3000100455300000,BENIDORM,CALLE,MANILA,4,3503,57
3000100455300000,BENIDORM,CALLE,MANILA,6,3503,57
3000100455600000,BENIDORM,CALLE,ARCOS,1,3501,26
3000100455600000,BENIDORM,CALLE,ARCOS,2,3501,36
3000100459800010,BENIDORM,CALLE,CEMENTERIO VIEJO,11,3502,11
3000100466400000,BENIDORM,CALLE,ERMITA,2,3502,66
3000100466500030,BENIDORM,CALLE,PALMA,37,3501,11
3000100466500040,BENIDORM,CALLE,PALMA,43,3501,2
3000100466500040,BENIDORM,CALLE,PALMA,45,3501,1
3000100466500040,BENIDORM,CALLE,PALMA,46,3501,5
3000100466500040,BENIDORM,CALLE,PALMA,48,3501,5
3000100466500050,BENIDORM,CALLE,PALMA,50,3501,1
3000100466500050,BENIDORM,CALLE,PALMA,52,3501,24
3000100466500050,BENIDORM,CALLE,PALMA,56,3501,1
3000100466500060,BENIDORM,CALLE,PALMA,60,3501,3
3000100470200000,BENIDORM,AVENIDA,DE PARIS,6,3500,137
3000100470200000,BENIDORM,AVENIDA,DE PARIS,8,3500,69
3000100470200010,BENIDORM,AVENIDA,DE PARIS,12,3500,261
3000100470200010,BENIDORM,AVENIDA,DE PARIS,14,3503,253
3000100472100000,BENIDORM,CALLE,FLORIDA,3,3502,1
3000100472100000,BENIDORM,CALLE,FLORIDA,4,3502,15
3000100472100000,BENIDORM,CALLE,FLORIDA,5,3502,70
3000100472100000,BENIDORM,CALLE,FLORIDA,7,3502,21
3000100472100000,BENIDORM,CALLE,FLORIDA,9,3502,27
3000100474500000,BENIDORM,CALLE,ANGELS,1,3501,15
3000100479900010,BENIDORM,AVENIDA,FOIETES,10,3502,40
3000100480200000,BENIDORM,AVENIDA,ALMENDROS,1,3501,10
3000100480200000,BENIDORM,AVENIDA,ALMENDROS,2,3501,10
3000100480200000,BENIDORM,AVENIDA,ALMENDROS,4,3501,37
3000100480200000,BENIDORM,AVENIDA,ALMENDROS,6,3501,3
3000100480200000,BENIDORM,AVENIDA,ALMENDROS,8,3501,11
3000100480200000,BENIDORM,AVENIDA,ALMENDROS,9,3501,13
3000100480200010,BENIDORM,AVENIDA,ALMENDROS,10,3501,13
3000100480200020,BENIDORM,AVENIDA,ALMENDROS,22,3501,13
3000100480200020,BENIDORM,AVENIDA,ALMENDROS,24,3501,11
3000100480200020,BENIDORM,AVENIDA,ALMENDROS,25,3501,4
3000100480200020,BENIDORM,AVENIDA,ALMENDROS,26,3501,14
3000100480200020,BENIDORM,AVENIDA,ALMENDROS,27,3501,4
3000100480200020,BENIDORM,AVENIDA,ALMENDROS,29,3501,3
3000100480200030,BENIDORM,AVENIDA,ALMENDROS,31,3501,5
3000100480200030,BENIDORM,AVENIDA,ALMENDROS,32,3501,4
3000100480200030,BENIDORM,AVENIDA,ALMENDROS,34,3501,5
3000100480200030,BENIDORM,AVENIDA,ALMENDROS,35,3501,27
3000100480200030,BENIDORM,AVENIDA,ALMENDROS,37,3501,14
3000100480200030,BENIDORM,AVENIDA,ALMENDROS,38,3501,20
3000100484900000,BENIDORM,CALLE,FLUIXA,1,3501,76
3000100489600000,BENIDORM,CALLE,PARRA,2,3501,10
3000100489600000,BENIDORM,CALLE,PARRA,3,3501,16
3000100489600000,BENIDORM,CALLE,PARRA,5,3501,18
3000100489600000,BENIDORM,CALLE,PARRA,7,3720,14
3000100489600010,BENIDORM,CALLE,PARRA,12,3501,5
3000100490800000,BENIDORM,CALLE,TRASMALL,1,3501,11
3000100491900000,BENIDORM,CALLE,NARANJOS,1,3501,19
3000100557500000,BENIDORM,CALLE,SANT MARC,2,3501,29
3000100572800000,BENIDORM,CALLE,SANT RAMÓN,2,3501,20
3000100572800000,BENIDORM,CALLE,SANT RAMÓN,4,3501,20
3000100572800000,BENIDORM,CALLE,SANT RAMÓN,6,3501,20
3000100572800000,BENIDORM,CALLE,SANT RAMÓN,8,3501,20
3000100638100000,BENIDORM,AVENIDA,AIGUERA,5,3501,91
3000100638100000,BENIDORM,AVENIDA,AIGUERA,6,3720,34
3000100638100000,BENIDORM,AVENIDA,AIGUERA,7,3501,68
3000100638100000,BENIDORM,AVENIDA,AIGUERA,8,3502,84
3000100638100000,BENIDORM,AVENIDA,AIGUERA,9,3501,69
3000100638100010,BENIDORM,AVENIDA,AIGUERA,13,3501,84
3000100638100010,BENIDORM,AVENIDA,AIGUERA,17,3502,40
3000100638100010,BENIDORM,AVENIDA,AIGUERA,18,3501,29
3000100638100010,BENIDORM,AVENIDA,AIGUERA,19,3502,64
3000100795100000,BENIDORM,CALLE,TORDO,1,3501,105
3000100795100000,BENIDORM,CALLE,TORDO,2,3501,41
3000100795100000,BENIDORM,CALLE,TORDO,3,3501,37
3000100795100000,BENIDORM,CALLE,TORDO,4,3501,17
3000100795100000,BENIDORM,CALLE,TORDO,6,3501,22
3000100795100000,BENIDORM,CALLE,TORDO,8,3501,20
3000100884900000,BENIDORM,CALLE,PURÍSSIMA CONCEPCIÓ,3,3501,3
3000100884900000,BENIDORM,CALLE,PURÍSSIMA CONCEPCIÓ,5,3501,2
3000100933600000,BENIDORM,AVENIDA,REI JAUME I,8,3501,240
3000100933600010,BENIDORM,AVENIDA,REI JAUME I,10,3501,1
3000100933600010,BENIDORM,AVENIDA,REI JAUME I,15,3502,52
3000100933600010,BENIDORM,AVENIDA,REI JAUME I,16,3501,14
3000100933600010,BENIDORM,AVENIDA,REI JAUME I,17,3502,37
3000100933600010,BENIDORM,AVENIDA,REI JAUME I,18,3501,20
3000100933600010,BENIDORM,AVENIDA,REI JAUME I,19,3502,50
3000100933600020,BENIDORM,AVENIDA,REI JAUME I,20,3501,21
3000100933600020,BENIDORM,AVENIDA,REI JAUME I,22,3501,37
3000100933600020,BENIDORM,AVENIDA,REI JAUME I,24,3501,26
3000100933600020,BENIDORM,AVENIDA,REI JAUME I,25,3502,60
3000100933600020,BENIDORM,AVENIDA,REI JAUME I,27,3502,70
3000100933600020,BENIDORM,AVENIDA,REI JAUME I,29,3502,52
3000100933600030,BENIDORM,AVENIDA,REI JAUME I,31,3502,66
3000100933600030,BENIDORM,AVENIDA,REI JAUME I,32,3501,9
3000100933600030,BENIDORM,AVENIDA,REI JAUME I,34,3501,10
3000100933600040,BENIDORM,AVENIDA,REI JAUME I,40,3501,10
3000100933600040,BENIDORM,AVENIDA,REI JAUME I,44,3501,10
3000100933600040,BENIDORM,AVENIDA,REI JAUME I,46,3502,10
3000100933600040,BENIDORM,AVENIDA,REI JAUME I,48,3501,77
3000100933600050,BENIDORM,AVENIDA,REI JAUME I,50,3501,69
3000100933600050,BENIDORM,AVENIDA,REI JAUME I,52,3501,9
3000101314700000,BENIDORM,AVENIDA,FRANCIA,1,3502,28
3000101314700000,BENIDORM,AVENIDA,FRANCIA,2,3502,28
3000101314700000,BENIDORM,AVENIDA,FRANCIA,3,3502,28
3000101332000000,BENIDORM,CALLE,PALANGRE,5,3501,4
3000101332000000,BENIDORM,CALLE,PALANGRE,6,3501,8
3000101803400000,BENIDORM,CALLE,GORRION,9,3501,10
3000101803400010,BENIDORM,CALLE,GORRION,11,3501,10
3000101803400010,BENIDORM,CALLE,GORRION,13,3501,5
3000101872400000,BENIDORM,CALLE,JUAN FUSTER ZARAGOZA,1,3503,260
3000101872400000,BENIDORM,CALLE,JUAN FUSTER ZARAGOZA,3,3503,180
3000101872400000,BENIDORM,CALLE,JUAN FUSTER ZARAGOZA,7,3503,90
3000101872400000,BENIDORM,CALLE,JUAN FUSTER ZARAGOZA,9,3503,66
3000101872400010,BENIDORM,CALLE,JUAN FUSTER ZARAGOZA,11,3503,46
3000101872400010,BENIDORM,CALLE,JUAN FUSTER ZARAGOZA,12,3503,60
3000101872400010,BENIDORM,CALLE,JUAN FUSTER ZARAGOZA,14,3503,36
3000101872400010,BENIDORM,CALLE,JUAN FUSTER ZARAGOZA,15,3503,130
3000101872400010,BENIDORM,CALLE,JUAN FUSTER ZARAGOZA,16,3503,35
3000101885900000,BENIDORM,AVENIDA,AMETLLA DEL MAR,5,3503,131
3000101885900010,BENIDORM,AVENIDA,AMETLLA DEL MAR,13,3503,55
3000101885900010,BENIDORM,AVENIDA,AMETLLA DEL MAR,17,3720,336
3000101885900020,BENIDORM,AVENIDA,AMETLLA DEL MAR,20,3503,75
3000101885900020,BENIDORM,AVENIDA,AMETLLA DEL MAR,24,3503,17
3000101885900020,BENIDORM,AVENIDA,AMETLLA DEL MAR,26,3503,17
3000101885900050,BENIDORM,AVENIDA,AMETLLA DEL MAR,50,3503,2
3000101900300000,BENIDORM,CALLE,MONTERA,3,3502,81
3000101900300000,BENIDORM,CALLE,MONTERA,5,3502,73
3000101900300000,BENIDORM,CALLE,MONTERA,6,3502,12
3000101900300010,BENIDORM,CALLE,MONTERA,10,3502,1
3000101900300010,BENIDORM,CALLE,MONTERA,14,3502,53
3000101905300000,BENIDORM,CALLE,COSTA HOSTAL,5,3501,7
3000101916000000,BENIDORM,CALLE,ZAMORA,1,3503,33
3000101916000010,BENIDORM,CALLE,ZAMORA,13,3503,42
3000101916000010,BENIDORM,CALLE,ZAMORA,15,3503,38
3000101916100000,BENIDORM,AVENIDA,ALFONSO PUCHADES,2,3502,82
3000101916100000,BENIDORM,AVENIDA,ALFONSO PUCHADES,3,3502,73
3000101916100000,BENIDORM,AVENIDA,ALFONSO PUCHADES,6,3502,42
3000101916100010,BENIDORM,AVENIDA,ALFONSO PUCHADES,10,3502,128
3000101916100010,BENIDORM,AVENIDA,ALFONSO PUCHADES,14,3501,11
3000101916100010,BENIDORM,AVENIDA,ALFONSO PUCHADES,15,3502,40
3000101916100010,BENIDORM,AVENIDA,ALFONSO PUCHADES,17,3502,40
3000101916100010,BENIDORM,AVENIDA,ALFONSO PUCHADES,18,3501,30
3000101916100010,BENIDORM,AVENIDA,ALFONSO PUCHADES,19,3502,73
3000101922000000,BENIDORM,AVENIDA,VICENTE LLORCA ALÓS,5,3500,36
3000101922000000,BENIDORM,AVENIDA,VICENTE LLORCA ALÓS,6,3500,51
3000101922500000,BENIDORM,CALLE,ROCAS,1,3501,62
3000101922500000,BENIDORM,CALLE,ROCAS,3,3501,64
3000101922600000,BENIDORM,CALLEJON,GATS,3,3501,3
3000101922600000,BENIDORM,CALLEJON,GATS,4,3501,5
3000101984700000,BENIDORM,CALLE,ISLANDIA,2,3502,146
3000101984700000,BENIDORM,CALLE,ISLANDIA,6,3502,112
3000101984700000,BENIDORM,CALLE,ISLANDIA,8,3502,121
3000102023200000,BENIDORM,CALLEJON,MAL PAS,1,3501,3
3000102063500000,BENIDORM,AVENIDA,VILA JOIOSA,2,3502,102
3000102063500000,BENIDORM,AVENIDA,VILA JOIOSA,3,3502,36
3000102063500000,BENIDORM,AVENIDA,VILA JOIOSA,4,3502,37
3000102063500000,BENIDORM,AVENIDA,VILA JOIOSA,6,3502,38
3000102063500000,BENIDORM,AVENIDA,VILA JOIOSA,8,3502,8
3000102063500010,BENIDORM,AVENIDA,VILA JOIOSA,10,3502,40
3000102063500010,BENIDORM,AVENIDA,VILA JOIOSA,15,3502,23
3000102063500010,BENIDORM,AVENIDA,VILA JOIOSA,19,3502,52
3000102063500020,BENIDORM,AVENIDA,VILA JOIOSA,21,3502,49
3000102063500030,BENIDORM,AVENIDA,VILA JOIOSA,30,3502,72
3000102063500030,BENIDORM,AVENIDA,VILA JOIOSA,32,3502,76
